"Node","X.coord","Y.coord"
"n1",288569.82,9099062.49
"n2",288548.98,9099066.21
"n3",288391.27,9099090.96
"n4",288323.32,9099101.63
"n5",288462.32,9099079.81
"n6",288535.64,9099068.3
"n7",288461.04,9099072.78
"n8",288463.79,9099087.85
"n9",288390.1,9099083.85
"n10",288392.28,9099097.09
"n11",288593.02,9099400.17
"n12",288564.13,9099233.07
"n13",288515.81,9098953.63
"n14",288608.09,9099045.23
"n15",288659.86,9099365.91
"n16",288660,9099365.82
"n17",288636.67,9099221.76
"n18",288593.26,9098953.63
"n19",288635.78,9099216.21
"n20",288341.49,9099268.16
"n21",288340.85,9099265
"n22",288340.38,9099262.62
"n23",288489.12,9099239
"n24",288561.46,9099233.49
"n25",288419.42,9099255.65
"n26",288557.89,9099228.45
"n27",288548.44,9099173.03
"n28",288425.59,9099295.33
"n29",288482.78,9099198.36
"n30",288563.19,9099227.62
"n31",288348.56,9099266.9
"n32",288356.99,9099314.65
"n33",287974.26,9099330.42
"n34",288590.6,9099401.39
"n35",288560.51,9099228.04
"n36",288544.17,9099133.93
"n37",288591.99,9099400.68
"n38",288593.9,9099405.57
"n39",288503.24,9099453.63
"n40",288682.14,9099500.08
"n41",288574.66,9099527.55
"n42",288456.73,9099568.56
"n43",288362.26,9099647.09
"n44",288265.28,9099744.77
"n45",288227.81,9099728.93
"n46",288212.34,9099722.4
"n47",288147.3,9099689.82
"n48",288060.97,9099657.27
"n49",288013.74,9099651.58
"n50",287966.5,9099651.58
"n51",287966.26,9099656.87
"n52",288019.85,9099655.24
"n53",288057.31,9099660.12
"n54",288271.5,9099756.55
"n55",288301.57,9099717.51
"n56",288424.56,9099604.36
"n57",288481.56,9099565.34
"n58",288572.58,9099533.44
"n59",288683.7,9099510.27
"n60",288222.07,9099565.72
"n61",288674.89,9099453.63
"n62",288663.22,9099363.96
"n63",288595.08,9098953.63
"n64",288751.41,9099953.63
"n65",288683.56,9099510.3
"n66",288824.76,9100453.63
"n67",288848.92,9100602.51
"n68",288824.94,9100455.36
"n69",288909.65,9100953.63
"n70",288857.41,9100642.47
"n71",288679.94,9099453.63
"n72",288598.09,9098953.63
"n73",288757.34,9099953.52
"n74",288837.49,9100453.63
"n75",288923.3,9100953.63
"n76",288872.33,9100652.67
"n77",288852.87,9100552.24
"n78",288916.96,9100953.63
"n79",288860.3,9100623.09
"n80",288859.21,9100614
"n81",288875.78,9100589.34
"n82",288876.5,9100591.71
"n83",288871.72,9100597.86
"n84",288864.41,9100607.3
"n85",288874.83,9100584.94
"n86",288694.94,9099453.63
"n87",288708.4,9099547.28
"n88",288741.19,9099759.36
"n89",288744.69,9099784.58
"n90",288768.21,9099953.63
"n91",288848.3,9100453.63
"n92",288733.65,9099786.32
"n93",288730.54,9099764.6
"n94",288739.87,9099762.32
"n95",288740.27,9099762.22
"n96",288742.79,9099761.6
"n97",288746.36,9099760.73
"n98",288748.88,9099760.11
"n99",288916.68,9099719.06
"n100",288964.72,9099694.6
"n101",289020.27,9099666.9
"n102",289024.2,9099664.98
"n103",289028.77,9099662.95
"n104",289086.06,9099636.64
"n105",289105.18,9099627.83
"n106",289118.47,9099621.71
"n107",289319.71,9099531.63
"n108",289322.6,9099530.39
"n109",289343.63,9099529.77
"n110",289358.83,9099521.7
"n111",289479.89,9099462.76
"n112",289500.71,9099453.63
"n113",289571.76,9099423.39
"n114",289575.55,9099421.64
"n115",289624.44,9099400.19
"n116",289652.85,9099386.76
"n117",289668.54,9099379.17
"n118",289677.49,9099374.88
"n119",289716.95,9099356.1
"n120",289757.13,9099336.95
"n121",289841.18,9099296.93
"n122",289933.94,9099252.55
"n123",290017.31,9099211.13
"n124",290019.63,9099209.98
"n125",290022.22,9099208.69
"n126",290024.55,9099207.54
"n127",290096.85,9099171.62
"n128",288700.09,9099449.08
"n129",288753.11,9099439.07
"n130",288765.47,9099439.25
"n131",288797.67,9099439.73
"n132",288817.18,9099435.37
"n133",288818.18,9099735.4
"n134",288767.85,9099453.63
"n135",288819.51,9099742.83
"n136",288748.17,9099764.38
"n137",288778.13,9099757.14
"n138",288814.47,9099748.48
"n139",288887.94,9099730.95
"n140",288811.85,9099736.66
"n141",288813.81,9099745.5
"n142",288777.35,9099953.63
"n143",288747.22,9099758.22
"n144",288699.48,9099453.63
"n145",288857.2,9100453.63
"n146",288878.46,9100578.64
"n147",288879.56,9100585.1
"n148",288938.16,9100953.63
"n149",288932.37,9100917.84
"n150",288934.09,9100911.28
"n151",288895.83,9100681.09
"n152",288887.25,9100629.47
"n153",288953.73,9101041.71
"n154",288956.87,9101045.38
"n155",288966.64,9101128.2
"n156",288977.6,9101190.96
"n157",288987.98,9101250.42
"n158",288992.45,9101276.05
"n159",288999.27,9101315.08
"n160",289007.26,9101360.85
"n161",289023.45,9101453.63
"n162",289060.22,9100650.23
"n163",288967.64,9100665.52
"n164",289062.05,9100534.2
"n165",289077.68,9100591.23
"n166",289067.59,9100631.06
"n167",289051.28,9100673.48
"n168",289085.62,9100527.69
"n169",288967.39,9100561.19
"n170",288887.14,9100629.66
"n171",288916.56,9100582.06
"n172",289085.53,9100527.37
"n173",289135.53,9100513.35
"n174",289194.17,9100496.65
"n175",289200.46,9100496.46
"n176",289208.95,9100500.42
"n177",289221,9100493.01
"n178",289227.87,9100494.83
"n179",289437.83,9100523.9
"n180",288869.3,9100586.83
"n181",288966.68,9100554.67
"n182",289221.95,9100497.47
"n183",289210.39,9100503.46
"n184",289182.75,9100495.09
"n185",289160.66,9100498.38
"n186",289131.98,9100506.26
"n187",289102.18,9100514.44
"n188",289059.13,9100527.38
"n189",289240.2,9100493.82
"n190",289228.82,9100492.21
"n191",289255.01,9100495.47
"n192",289344.32,9100508.43
"n193",289345.13,9100508.61
"n194",289468.32,9100528.89
"n195",289627.05,9100550.18
"n196",289424.3,9100524.93
"n197",289423.42,9100524.93
"n198",289384.59,9100518.52
"n199",289320.05,9100509.94
"n200",289251.76,9100500.18
"n201",289228.97,9100497.53
"n202",289216.52,9100493.78
"n203",289205.48,9100493.78
"n204",289190.08,9100495.35
"n205",289161.42,9100500.8
"n206",289086.89,9100522.59
"n207",289092.92,9100554.42
"n208",289099.01,9100578.05
"n209",289103.43,9100594.07
"n210",289188.29,9100689.68
"n211",289197.14,9100722.83
"n212",289212.33,9100787.66
"n213",289156.78,9100801.62
"n214",289145.8,9100754.56
"n215",289123.05,9100669.8
"n216",289160.21,9100731.81
"n217",289120.93,9100670.31
"n218",289178.03,9100655.4
"n219",289238.98,9100639.48
"n220",289316,9100501.68
"n221",289299.79,9100499.64
"n222",289258.4,9100494.03
"n223",289319.95,9100502.18
"n224",289102.31,9100514.86
"n225",289083.77,9100453.52
"n226",289134.59,9100184.24
"n227",289030.39,9100208.82
"n228",289081.82,9100444.57
"n229",289069.22,9100387.14
"n230",289068.41,9100382.82
"n231",289055.98,9100325.95
"n232",289043.78,9100269.22
"n233",289042.92,9100265.63
"n234",288930.53,9100953.63
"n235",288875.06,9100625.13
"n236",288863.32,9100547.02
"n237",288966.64,9101170.44
"n238",289015.87,9101453.63
"n239",288938.93,9101004.33
"n240",288966.64,9101171.85
"n241",288931.31,9101005.59
"n242",288966.64,9101233.12
"n243",288923.53,9100992.77
"n244",288815.74,9101075.63
"n245",288770.35,9101110.51
"n246",288745.56,9101126.08
"n247",288723.34,9101139.75
"n248",288669.03,9101191.36
"n249",288917.18,9100989.19
"n250",288860.97,9101035.19
"n251",288836.49,9101054.84
"n252",288773.21,9101104.09
"n253",288715.96,9101142.58
"n254",288864.08,9101049.48
"n255",288863.13,9101044.3
"n256",288921.23,9101008.76
"n257",288890.12,9101196.97
"n258",288903.18,9101273.48
"n259",288914.38,9101339.07
"n260",288919.34,9101367.7
"n261",288916.42,9101370.51
"n262",288973.66,9101453.88
"n263",288925.27,9101005.89
"n264",288965.12,9101266.25
"n265",288958.33,9101234.25
"n266",288928.11,9101050.78
"n267",288968.02,9101280.55
"n268",288997.45,9101453.63
"n269",288845.21,9101265.75
"n270",288753.36,9101132.5
"n271",288751.69,9101130.07
"n272",288966.64,9101453.12
"n273",288749.25,9101135.58
"n274",288747.84,9101133.52
"n275",289252.65,9101350.06
"n276",289210.65,9101338.79
"n277",289242.76,9101349.77
"n278",289233.14,9101306.55
"n279",289396.99,9101381.23
"n280",289261.35,9101386.19
"n281",289251.15,9101343.83
"n282",289272.02,9101433.89
"n283",288993.12,9101313.74
"n284",288981.35,9101315.22
"n285",289233.57,9101281.48
"n286",289258.58,9101278.13
"n287",289225.53,9101272.6
"n288",289214.03,9101220.87
"n289",289213.4,9101218.06
"n290",289211.34,9101206.62
"n291",289228.24,9101284.56
"n292",289224.13,9101118.97
"n293",289221.56,9101107.1
"n294",289587.76,9101377.69
"n295",289538.92,9101375.24
"n296",289280.61,9101379.88
"n297",289728.41,9101386.02
"n298",289593.19,9101377.99
"n299",289250.08,9101238.84
"n300",289258.61,9101278.25
"n301",289589.65,9101377.85
"n302",289596.71,9101453.63
"n303",289589.28,9101373.46
"n304",289580.72,9101281.01
"n305",289579.63,9101270.19
"n306",289966.69,9101354.02
"n307",289755.44,9101312.8
"n308",289740.13,9101310.02
"n309",289746.29,9101311.14
"n310",289739.53,9101316.49
"n311",289736.51,9101349.3
"n312",289728.42,9101380.04
"n313",289726.24,9101453.63
"n314",289740.37,9101306.64
"n315",289748.39,9101227.57
"n316",289803.11,9101318.37
"n317",289884.88,9101333.66
"n318",289966.64,9101348.94
"n319",290141.81,9101382.27
"n320",290231.36,9101399.3
"n321",290072.11,9101368.97
"n322",290015.27,9101358.16
"n323",289875.6,9101339.23
"n324",289870.31,9101453.63
"n325",289924.89,9100988.7
"n326",289906.79,9101113.1
"n327",289886.91,9101247.8
"n328",289876.14,9101329.37
"n329",289901.5,9101149.47
"n330",289898.04,9101172.99
"n331",289888.07,9101241.72
"n332",289635.06,9101209.17
"n333",289748.8,9101224.35
"n334",289824.12,9101235.31
"n335",289881.59,9101242.94
"n336",289885.08,9101242.96
"n337",289966.66,9101255.2
"n338",289834.09,9101166.41
"n339",289834.52,9101163.4
"n340",289861.51,9100976.92
"n341",289962.1,9100973.49
"n342",289857.33,9100976.92
"n343",289683.65,9101145.07
"n344",289647.38,9101140.17
"n345",289709.16,9101147.87
"n346",289709.16,9101146.48
"n347",289721.91,9101049.93
"n348",289677,9101140.46
"n349",289711.13,9101144.76
"n350",289776.13,9101154.58
"n351",289784.57,9101095.15
"n352",289892.16,9101171.78
"n353",289894.95,9101172.19
"n354",289898.09,9101172.68
"n355",289872.49,9101329.25
"n356",289883.03,9101248.89
"n357",289895.98,9101163.68
"n358",289898.58,9101147.35
"n359",289921.1,9100982
"n360",289895.84,9101148.8
"n361",289904.39,9101108.52
"n362",289909.54,9101109.26
"n363",289964.21,9101114.95
"n364",289966.59,9101183.34
"n365",289964.77,9101353.64
"n366",289953.95,9101453.63
"n367",289965.59,9101345.61
"n368",289966.66,9101315.26
"n369",289973.91,9101254.48
"n370",289983.94,9101185.73
"n371",289992.79,9101125.07
"n372",290235.97,9101294.4
"n373",290232.21,9101294.45
"n374",290080.69,9101272.06
"n375",290149.02,9101282.33
"n376",290242.05,9101294.33
"n377",290141.64,9101384.7
"n378",290140.62,9101389.03
"n379",290141.89,9101380.1
"n380",290092.65,9101200.7
"n381",290073.08,9101317.48
"n382",290099.53,9101159.69
"n383",290168.5,9101140.66
"n384",290102.2,9101134.71
"n385",290044.26,9101128.05
"n386",290041,9101128.05
"n387",289966.59,9101119.66
"n388",290233.14,9101139.15
"n389",290259.36,9101139.07
"n390",290266.35,9101138.93
"n391",290260.53,9101134.75
"n392",290257,9101147.21
"n393",290241.53,9101208.55
"n394",290238.85,9101219.18
"n395",290235.66,9101302.52
"n396",290234.54,9101331.74
"n397",290231.3,9101397.85
"n398",290246.56,9101207.5
"n399",290235.25,9101209.86
"n400",290176.21,9101212.21
"n401",290161.44,9101210.17
"n402",290350.35,9101185.8
"n403",290358.58,9101184.21
"n404",290434.66,9101168.34
"n405",290267.25,9101136.77
"n406",290171.08,9101138.32
"n407",290107,9101133.09
"n408",290100.73,9101132.8
"n409",289994.02,9101118.88
"n410",289964.21,9101114.95
"n411",289974.73,9101029.87
"n412",290046.57,9101023.34
"n413",290046.45,9101020.95
"n414",290046.25,9101016.61
"n415",290044.55,9100971.56
"n416",290132.41,9100959.07
"n417",290132.2,9100953.63
"n418",290132.26,9100955.3
"n419",290139.92,9101011.17
"n420",290037.56,9100967.95
"n421",290132.33,9100957.21
"n422",290179.35,9100953.63
"n423",290353.65,9100930.18
"n424",290226.08,9100947.34
"n425",290334.94,9100665.46
"n426",290335.17,9100665.41
"n427",290372.43,9100788.99
"n428",290370.04,9100840.19
"n429",290367.97,9100884.54
"n430",290356.34,9100924.16
"n431",290343.15,9100953.63
"n432",290356.52,9100929.81
"n433",290034.97,9100968.47
"n434",289966.64,9100621.46
"n435",290125.81,9100655.56
"n436",290117.38,9100777.11
"n437",290113.16,9100837.52
"n438",290113.6,9100840.24
"n439",290034.47,9100840.24
"n440",290034.19,9100953.63
"n441",290034.34,9100634.07
"n442",290211.55,9100840.26
"n443",290291.89,9100840.24
"n444",289727.35,9100573.13
"n445",289728.87,9100570.63
"n446",289893.72,9100605.87
"n447",289903.38,9100607.94
"n448",289907.95,9100608.91
"n449",289913.77,9100610.16
"n450",289915.36,9100610.49
"n451",289921.98,9100612.1
"n452",289621.73,9100687.99
"n453",289641.26,9100550.34
"n454",289689.52,9100561.53
"n455",289470.54,9100525.79
"n456",289425.91,9100519.68
"n457",289621.22,9100691.98
"n458",289665.62,9100693.47
"n459",290291.98,9101077.1
"n460",290257.83,9101159.47
"n461",290246.58,9101207.11
"n462",290236.39,9101396.34
"n463",290231.18,9101401.74
"n464",290233.93,9101401.37
"n465",290233.98,9101398.8
"n466",290441.58,9101364.06
"n467",290231.04,9101404.88
"n468",290229.16,9101453.65
"n469",290352.89,9101375.99
"n470",290244.68,9101300.76
"n471",290254.53,9101156.78
"n472",290255.97,9101151.2
"n473",290247.52,9101154.67
"n474",290260.75,9101152.45
"n475",290277.13,9101112.92
"n476",290268.2,9101134.46
"n477",290318.26,9101013.69
"n478",290238.49,9101014.29
"n479",290140.58,9101016.78
"n480",290040.83,9101020.45
"n481",290026.01,9101021.21
"n482",289970.93,9101017.91
"n483",290081.96,9101014.22
"n484",290319.35,9101011.07
"n485",290367.3,9100836.67
"n486",290242.7,9100836.03
"n487",290370.2,9100836.69
"n488",290043.21,9101122.58
"n489",290171.16,9101136.65
"n490",290043.49,9101100.49
"n491",290043.3,9101076.38
"n492",290043.31,9101027.01
"n493",290043.18,9101022.2
"n494",290043.36,9101082.11
"n495",290450.02,9101133.25
"n496",290443.1,9101084.23
"n497",290354.08,9101099.62
"n498",290354.42,9101091.94
"n499",290453.93,9101195.37
"n500",290463.98,9101354.68
"n501",290464.32,9101360.08
"n502",290464.8,9101367.73
"n503",290452.13,9101166.69
"n504",290311.88,9101287.68
"n505",290353.8,9101279.62
"n506",290364.09,9101277.64
"n507",290349.04,9101374.52
"n508",290348.55,9101379.35
"n509",290353.28,9101378.48
"n510",290343.13,9101453.67
"n511",290348.17,9101384.06
"n512",290332.14,9100667.76
"n513",290358.95,9100757.23
"n514",290366,9100884.59
"n515",290354.37,9100924.48
"n516",290305.83,9100931.24
"n517",290156.74,9100952
"n518",290368.58,9100789.39
"n519",290219.75,9100903.5
"n520",290226.38,9100940.53
"n521",290225.8,9100953.63
"n522",290238.45,9101009.94
"n523",289966.64,9101015.48
"n524",290028.29,9101018.47
"n525",290043.07,9101017.49
"n526",290041.03,9101073.51
"n527",290043.92,9101064.37
"n528",290276.26,9101076.81
"n529",290276.19,9101079.56
"n530",290276.33,9101074.8
"n531",290046.07,9101058.22
"n532",290492.12,9101355.07
"n533",290487.07,9101357.04
"n534",290485.71,9101355.54
"n535",290484.36,9101354.06
"n536",290466.9,9101356.7
"n537",290466.02,9101359.74
"n538",290461.45,9101360.65
"n539",290456.13,9101361.7
"n540",290480.03,9101363.19
"n541",290486.4,9101344.52
"n542",290467.71,9101441.21
"n543",290480.86,9101163.51
"n544",290588.23,9101319
"n545",290568.95,9101325.4
"n546",290525.11,9101144.05
"n547",290587.69,9101317.38
"n548",290582.25,9101322.47
"n549",290574.83,9101324.9
"n550",290497.12,9101354.94
"n551",290496.23,9101350.72
"n552",290581.33,9101317.1
"n553",290496.23,9101348.39
"n554",290588.72,9101320.35
"n555",290599.74,9101316.75
"n556",290566.98,9101229.94
"n557",290570.72,9101239.91
"n558",290573.87,9101248.48
"n559",290598.04,9101313.57
"n560",290595.37,9101311.89
"n561",290565.13,9101229.41
"n562",290698.08,9101271.55
"n563",290704.54,9101269.37
"n564",290563.15,9101223.71
"n565",290533.13,9101143.74
"n566",290532.71,9101142.64
"n567",290636.44,9101104.66
"n568",290566.16,9101131.1
"n569",290539.39,9101141.34
"n570",290464.74,9100953.63
"n571",290474.95,9100984.31
"n572",290485.8,9101016.92
"n573",290501.49,9101058.97
"n574",290667.94,9101190.37
"n575",290633.25,9101203.67
"n576",290798.51,9101139.94
"n577",290659.37,9101190.87
"n578",290643.1,9101196.9
"n579",290568.05,9101224.93
"n580",290565.48,9101225.93
"n581",290605.55,9101208.24
"n582",290666.19,9101185.64
"n583",290667.39,9101188.88
"n584",290621.78,9101429.68
"n585",290499.6,9101451.29
"n586",290496.37,9101451.43
"n587",290472.99,9101453.86
"n588",290640.25,9101430.28
"n589",290647.29,9101428.62
"n590",290651.39,9101431.94
"n591",290640.44,9101421.86
"n592",290629.42,9101423.95
"n593",290617.28,9101426.06
"n594",290506.95,9101445.94
"n595",290618.88,9101421.8
"n596",290444.59,9101453.63
"n597",290495.71,9101444.92
"n598",290598.53,9101317.14
"n599",290635.77,9101418.13
"n600",290744.21,9101402
"n601",290748.89,9101406.6
"n602",290638.75,9101426.2
"n603",290745.68,9101398.09
"n604",290630.54,9101453.43
"n605",290648.89,9101453.7
"n606",290636.92,9101453.96
"n607",290754.24,9101400.08
"n608",290880.11,9101382.43
"n609",290754.91,9101405.44
"n610",290751.87,9101397.3
"n611",290877.63,9101375.05
"n612",290878.48,9101377.57
"n613",290878.87,9101378.75
"n614",290753.84,9101402.58
"n615",290674.49,9101186.89
"n616",290675.17,9101188.77
"n617",290766.64,9101453.63
"n618",290705.62,9101272.31
"n619",290832.89,9101241.78
"n620",290836.81,9101240.79
"n621",290870.73,9101232.28
"n622",290913.85,9101221.27
"n623",290833.66,9101244.25
"n624",290706.76,9101275.63
"n625",290760.31,9101256.92
"n626",290832.15,9101239.13
"n627",290772.93,9101453.63
"n628",290799.42,9101142.65
"n629",290797.71,9101137.57
"n630",290673.11,9101183.07
"n631",290613.97,9101019.67
"n632",290642,9101096.69
"n633",290642.04,9101100.31
"n634",290666.19,9101091.74
"n635",290734.91,9101065.75
"n636",290771.16,9101052.47
"n637",290644.26,9101102.97
"n638",290712.84,9101076.79
"n639",290747.3,9101063.68
"n640",290769.9,9101056.21
"n641",290683.02,9101081.94
"n642",290755.95,9101054.9
"n643",290767.93,9101050.44
"n644",290642.66,9101098.54
"n645",290683.48,9101083.42
"n646",290761.46,9101054.52
"n647",290768.39,9101051.78
"n648",290532.26,9101141.35
"n649",290639.33,9101101.31
"n650",290585.82,9100953.67
"n651",290609.55,9101019.14
"n652",290739.46,9100971.96
"n653",290745,9100969.61
"n654",290806.92,9100944.13
"n655",290503.41,9101064.1
"n656",290607.66,9101026.46
"n657",290605.44,9101020.45
"n658",290580.84,9100953.66
"n659",290634.31,9101098.56
"n660",290591.49,9100953.71
"n661",290798.97,9101141.3
"n662",290795.74,9101142.51
"n663",290635.16,9101101.12
"n664",290576.71,9101120.91
"n665",290557.46,9100953.63
"n666",290577.74,9100945.25
"n667",290770.75,9101042.99
"n668",290771.26,9101050.65
"n669",290771.43,9101053.26
"n670",290783.38,9101087.5
"n671",290796,9101124.22
"n672",290801.34,9101140.42
"n673",290814.52,9101180.5
"n674",290828.72,9101222.4
"n675",290834.39,9101239.24
"n676",290835.07,9101241.23
"n677",290856.93,9101305.02
"n678",290878.85,9101372.12
"n679",290880.99,9101378.35
"n680",290896.21,9101422.8
"n681",290906.3,9101453.63
"n682",290732.57,9100953.63
"n683",290756.55,9101017.39
"n684",290485,9100614.43
"n685",290506.62,9100750.3
"n686",290487.38,9100613.6
"n687",290503.23,9100706.51
"n688",290510.49,9100749.04
"n689",290532.39,9100808.53
"n690",290497.7,9100606.62
"n691",290516.13,9100741.52
"n692",290518.6,9100748.23
"n693",290594.78,9100727.82
"n694",290639.33,9100715.88
"n695",290610.8,9100643.12
"n696",290636.7,9100868.47
"n697",290785.5,9101101.46
"n698",290867.46,9101344.88
"n699",290893.17,9101421.16
"n700",290903.39,9101453.63
"n701",290773.54,9101051.45
"n702",290777.58,9101063.51
"n703",290803.08,9101139.77
"n704",290804.32,9101143.48
"n705",290827.24,9101213.03
"n706",290847.88,9101272.92
"n707",290854.95,9101292.91
"n708",290873.89,9101350.72
"n709",290882.21,9101375.03
"n710",290898.23,9101421.85
"n711",290909.21,9101453.72
"n712",290883.2,9101377.93
"n713",290959.16,9101364.05
"n714",290912.26,9101369.56
"n715",290889.07,9101395.08
"n716",290897.2,9101392.98
"n717",290963.19,9101363.31
"n718",290961.4,9101372.82
"n719",290820.76,9100966.94
"n720",290859.03,9101061.84
"n721",290822.19,9100970.47
"n722",290818.14,9100972.53
"n723",290819.18,9100974.6
"n724",290814.77,9101188.01
"n725",290769.2,9101054.13
"n726",290773.73,9101051.53
"n727",290693.45,9100691.33
"n728",290624.43,9100560.38
"n729",290636.2,9100555.86
"n730",290633.63,9100558.07
"n731",290630.87,9100552.65
"n732",290632.72,9100548.69
"n733",290633.04,9100549.43
"n734",290630.96,9100549.47
"n735",290486.09,9100606.06
"n736",290599.04,9100473.8
"n737",290598.21,9100600.93
"n738",290587.85,9100453.63
"n739",290647.64,9100711.3
"n740",290614.28,9100640.55
"n741",290663.26,9100624.08
"n742",290337.12,9100498.26
"n743",290337.57,9100453.63
"n744",290335.3,9100655.85
"n745",290335.31,9100653.63
"n746",290333.11,9100653.63
"n747",290334.4,9100559.92
"n748",290613.47,9100638.5
"n749",290460.7,9100618.9
"n750",290343.2,9100657.91
"n751",290329.69,9100660.58
"n752",290262.6,9100673.81
"n753",290034.34,9100633.78
"n754",289966.64,9100619.69
"n755",290612.94,9100642.29
"n756",290714.88,9100877.56
"n757",290618.82,9100640.05
"n758",290614.7,9100641.6
"n759",290595.93,9100474.54
"n760",290545.41,9100483.43
"n761",290561.57,9100388.73
"n762",290498.71,9100233.43
"n763",290446.07,9100069
"n764",290419.66,9099986.52
"n765",290564.98,9100382.45
"n766",290589.97,9100453.63
"n767",290413.61,9099953.63
"n768",290448.48,9100060.68
"n769",290502.33,9100223.39
"n770",290558.14,9100384.54
"n771",290550.38,9100387.11
"n772",290552.41,9100391.77
"n773",290508.08,9100400.25
"n774",290532.73,9100453.63
"n775",290457.53,9100453.63
"n776",290465.89,9100497.3
"n777",290485.28,9100598.61
"n778",290485.69,9100600.63
"n779",290454.82,9100453.7
"n780",290463.22,9100497.76
"n781",290497.54,9100225.05
"n782",290485.23,9100229.23
"n783",290486.71,9100233.72
"n784",290497.67,9100230.18
"n785",290490.31,9100227.51
"n786",290487.96,9100219.63
"n787",290421.28,9100250.81
"n788",290415.96,9100252.55
"n789",290497.39,9100210.85
"n790",290370.36,9100086.26
"n791",290240.44,9100128.75
"n792",290433.52,9100065.61
"n793",290436.11,9100072.29
"n794",290373.81,9100085.13
"n795",290408.52,9100189.15
"n796",290328.61,9099959.34
"n797",290293.9,9099862.44
"n798",290240.8,9099700.7
"n799",290289.45,9099864.05
"n800",290324.65,9099960.73
"n801",290374.11,9100096.56
"n802",290405.93,9100200.6
"n803",289974.44,9100210.44
"n804",290102.33,9100168.23
"n805",290103.9,9100173.4
"n806",290188.09,9099953.63
"n807",290219,9100057.02
"n808",290315.04,9099669.23
"n809",290311.67,9099670.56
"n810",290332.75,9099730.2
"n811",290353.22,9099787.21
"n812",290359.31,9099806.07
"n813",290368.72,9099833.94
"n814",290371.46,9099834.41
"n815",290386.3,9099876.98
"n816",289995.29,9098953.63
"n817",290230.85,9099459.24
"n818",290239.51,9099478.33
"n819",290267.2,9099541.33
"n820",290288.01,9099595.43
"n821",290309.54,9099652.5
"n822",290351.05,9099771.19
"n823",290369.14,9099835.18
"n824",290282.23,9099866.67
"n825",290178.73,9099905.37
"n826",290148.56,9099282.61
"n827",290075.25,9099317.2
"n828",289639.36,9099387.42
"n829",289665.01,9099375.08
"n830",289667.36,9099373.96
"n831",289753.52,9099332.81
"n832",289840.2,9099291.46
"n833",289931.68,9099247.83
"n834",289966.64,9099358.08
"n835",289940.25,9099297.74
"n836",289937.49,9099260.43
"n837",289936,9099257.24
"n838",289931.74,9099247.95
"n839",289929.22,9099242.53
"n840",289881.59,9099141.37
"n841",289846.49,9099065.76
"n842",289821.08,9099010.96
"n843",289882.7,9099403.94
"n844",289862.02,9099350.76
"n845",289842.56,9099300.76
"n846",289841.04,9099296.99
"n847",289838.97,9099291.86
"n848",289837.44,9099287.47
"n849",289829.11,9099266.33
"n850",289806.33,9099207.63
"n851",289771.83,9099120.96
"n852",289764.88,9099103.09
"n853",289887.62,9099047.16
"n854",289925.35,9099029.84
"n855",289966.64,9098892.45
"n856",289953.93,9098862.94
"n857",289930.82,9098811.63
"n858",289888.23,9098706.48
"n859",289874.38,9098672.03
"n860",289845.35,9098600.46
"n861",289812.12,9098517.96
"n862",289809.75,9098511.75
"n863",289807.38,9098506.2
"n864",289805.31,9098500.82
"n865",289803.73,9098497.19
"n866",289786.36,9098453.63
"n867",289806.32,9098520.27
"n868",289804.76,9098520.82
"n869",289800.14,9098501.33
"n870",289796.52,9098500.13
"n871",289793.03,9098499.29
"n872",289804.76,9098513.75
"n873",289802.64,9098508.36
"n874",289801.1,9098504.04
"n875",288966.64,9098812.91
"n876",289022.13,9098792.19
"n877",289111.63,9098758.48
"n878",289114.11,9098757.51
"n879",289116.8,9098756.52
"n880",289213.57,9098720.44
"n881",289297.21,9098688.72
"n882",289394.32,9098652.59
"n883",289527.74,9098603.76
"n884",289626.68,9098566.33
"n885",289712.97,9098532.45
"n886",289718.12,9098530.46
"n887",288966.64,9098809.06
"n888",289016.52,9098790.1
"n889",289022.1,9098788.1
"n890",289035,9098783.19
"n891",289110.82,9098754.7
"n892",289112.75,9098753.97
"n893",289114.8,9098753.15
"n894",289205.95,9098718.99
"n895",289295.82,9098685.47
"n896",289386.75,9098651.49
"n897",289433.96,9098634.31
"n898",289504.6,9098608.61
"n899",289509.22,9098606.91
"n900",289533,9098598.03
"n901",289557.87,9098588.7
"n902",289593.94,9098575.14
"n903",289625.3,9098563.12
"n904",289654.32,9098551.77
"n905",289713.2,9098529.56
"n906",289715.85,9098528.49
"n907",289790.16,9098500.44
"n908",289813.61,9098797.13
"n909",289791.31,9098737.57
"n910",289767.56,9098673.86
"n911",289759.25,9098651.49
"n912",289719,9098544.55
"n913",289715.99,9098536.72
"n914",289714.91,9098533.92
"n915",289714.7,9098533.39
"n916",289713.61,9098530.59
"n917",289716.17,9098529.61
"n918",289717.09,9098532.47
"n919",289717.19,9098532.76
"n920",289718.23,9098535.57
"n921",289736.42,9098583.86
"n922",289767.69,9098667.18
"n923",289793.1,9098735.56
"n924",289815.69,9098795.68
"n925",289828.38,9098791.55
"n926",289874.87,9098907.72
"n927",289885.35,9098941.48
"n928",289891.39,9098953.63
"n929",289299.41,9098693.68
"n930",289298.38,9098691.17
"n931",289296.27,9098686.53
"n932",289458.33,9098808.27
"n933",289559.51,9098766.63
"n934",289595.94,9098784.29
"n935",289658.3,9098953.63
"n936",289681.8,9099018.45
"n937",289966.64,9099011.22
"n938",290000.96,9098996.07
"n939",289928.95,9099028.17
"n940",289966.64,9099105.4
"n941",289935.71,9099025.22
"n942",289938.13,9099024.24
"n943",289900.99,9098953.63
"n944",289887.45,9098901.94
"n945",289966.64,9099089.01
"n946",289557.17,9098586.71
"n947",289537.16,9098535.43
"n948",289515.6,9098480
"n949",289424.04,9098513.63
"n950",289427.01,9098512.51
"n951",289462.49,9098499.49
"n952",289492.15,9098488.61
"n953",289513.16,9098480.8
"n954",289517.36,9098479.31
"n955",289550.38,9098466.79
"n956",289572.12,9098521.2
"n957",289593.02,9098572.9
"n958",289345.36,9098541.88
"n959",289351.61,9098539.7
"n960",289356.24,9098538.11
"n961",289415.95,9098517.35
"n962",289418.74,9098516.26
"n963",289420.33,9098515.58
"n964",289388.87,9098453.63
"n965",289321.61,9098478.99
"n966",289335.85,9098516.69
"n967",289362.53,9098585.29
"n968",289369.64,9098603.48
"n969",289375.57,9098601.07
"n970",289430.53,9098579.71
"n971",289404.17,9098453.63
"n972",289435.21,9098600.5
"n973",289407.11,9098453.63
"n974",289445.04,9098630.28
"n975",289410.78,9098453.63
"n976",289438.21,9098576.22
"n977",289444.46,9098604.61
"n978",289461.86,9098624.16
"n979",289540.76,9098534.09
"n980",289535.33,9098536.06
"n981",289513.43,9098545.43
"n982",289484.49,9098556.78
"n983",289441.58,9098574.83
"n984",289532.07,9098595.3
"n985",289294.75,9098683.04
"n986",289268.91,9098626.08
"n987",289267.88,9098623.8
"n988",289238.38,9098558.11
"n989",289237.29,9098555.65
"n990",289208.42,9098491.8
"n991",289207.14,9098489.02
"n992",289308.05,9098453.63
"n993",289210.35,9098491.14
"n994",289209.85,9098491.32
"n995",289207.02,9098492.32
"n996",289039.27,9098551.35
"n997",289187.54,9098453.63
"n998",289174.49,9098583.09
"n999",289231.82,9098557.81
"n1000",289374.12,9098597.15
"n1001",289352.16,9098541.1
"n1002",289351.08,9098538.3
"n1003",289329.41,9098481.91
"n1004",289090.11,9098695.24
"n1005",289336.26,9098785.88
"n1006",288616.09,9098948.05
"n1007",288630.23,9098942.43
"n1008",288670.37,9098928.27
"n1009",288732.75,9098905.87
"n1010",288800.05,9098880.98
"n1011",288850.35,9098861.93
"n1012",288921.76,9098835.29
"n1013",288975.29,9098815.27
"n1014",289024.39,9098797.25
"n1015",289026.83,9098796.34
"n1016",289054.01,9098786.06
"n1017",289113.29,9098763.9
"n1018",289118.45,9098761.9
"n1019",289136.57,9098754.42
"n1020",289290.7,9098697.29
"n1021",289090.74,9098865.2
"n1022",289089.84,9098862.72
"n1023",289075.55,9098821.27
"n1024",289088.84,9098691.87
"n1025",289002.89,9098721.69
"n1026",288999.77,9098722.85
"n1027",288997.4,9098723.57
"n1028",288983.68,9098727.99
"n1029",288966.64,9098733.57
"n1030",289015.85,9098788.78
"n1031",288966.64,9098695.98
"n1032",288962.59,9098658.5
"n1033",289033.52,9098780.5
"n1034",289076.98,9098616.01
"n1035",289187.22,9098946.23
"n1036",289147.81,9098844.3
"n1037",289145.58,9098838.7
"n1038",289136.26,9098814.45
"n1039",289116.64,9098763.95
"n1040",289115.91,9098762.09
"n1041",289115.01,9098759.85
"n1042",289113.44,9098755.77
"n1043",289111.05,9098749.65
"n1044",289066.27,9098628.73
"n1045",289146.76,9098810.86
"n1046",289224.19,9098782.49
"n1047",289238.91,9098821.18
"n1048",289250.17,9098816.95
"n1049",289253.9,9098815.59
"n1050",289371.81,9098773.06
"n1051",289421.44,9098754.99
"n1052",289451.12,9098821.95
"n1053",289378.06,9098853.18
"n1054",289294.37,9098888.85
"n1055",289289.64,9098891
"n1056",289295.69,9098904.09
"n1057",289327.68,9098976.86
"n1058",289300.28,9098902.09
"n1059",289415.62,9098852.11
"n1060",289438.44,9098842.2
"n1061",289463.84,9098900.06
"n1062",289438.98,9098910.97
"n1063",289446.05,9098927.13
"n1064",289417.89,9098938.85
"n1065",289052.55,9098879.18
"n1066",289067.74,9098918.04
"n1067",289069.54,9098923.22
"n1068",289303.4,9099271.32
"n1069",289298.8,9099272.7
"n1070",289240.53,9099292.5
"n1071",289287.59,9099228.83
"n1072",289260.32,9099237.92
"n1073",289091.39,9098971.57
"n1074",289178.7,9098937.18
"n1075",289213.1,9099028.69
"n1076",289207.27,9099030.66
"n1077",289126.63,9099060.25
"n1078",289024.54,9099097.68
"n1079",289064.64,9099199.05
"n1080",289116.06,9099180.99
"n1081",289199.86,9099152.52
"n1082",289249.11,9099135.29
"n1083",289252.37,9099134.22
"n1084",289142.14,9098846.6
"n1085",289185.34,9098953.63
"n1086",289147.44,9098838.04
"n1087",289161.33,9098832.88
"n1088",288880.46,9099049.32
"n1089",288858.36,9098955.3
"n1090",288966.64,9098910.85
"n1091",289055.84,9098877.9
"n1092",289140.49,9098847.15
"n1093",289145.06,9098845.43
"n1094",289296.74,9099253.12
"n1095",289306.66,9099250.46
"n1096",289336.69,9099268.13
"n1097",289445.58,9099334.17
"n1098",289468.59,9099348.65
"n1099",289504.22,9099371.64
"n1100",289573.44,9099416.29
"n1101",289303.4,9099270.8
"n1102",289379.55,9099475.74
"n1103",289574.89,9099430.74
"n1104",289584.87,9099453.63
"n1105",289458.8,9099391.87
"n1106",289477.19,9099453.63
"n1107",289439.71,9099400.31
"n1108",289269.89,9099402.48
"n1109",289335.91,9099376.74
"n1110",289340.37,9099375.02
"n1111",289346.98,9099372.46
"n1112",289084.25,9098953.63
"n1113",289061.13,9098890.29
"n1114",289026.7,9098799.53
"n1115",289024.63,9098794.39
"n1116",289128.46,9099064.64
"n1117",288761.02,9098990.24
"n1118",288966.64,9098815.59
"n1119",288945.25,9098823.76
"n1120",288886.13,9098846.09
"n1121",288826.3,9098867.65
"n1122",288755.59,9098894.23
"n1123",288701.62,9098914.42
"n1124",288619.13,9098943.44
"n1125",288957.95,9099366.01
"n1126",288851.38,9099410.06
"n1127",288966.11,9099399.64
"n1128",288995.28,9099551.72
"n1129",289019.41,9099663.11
"n1130",289021.67,9099673.48
"n1131",289043.24,9099769.11
"n1132",289044.84,9099776.92
"n1133",289045.47,9099779.85
"n1134",289067.28,9099877.43
"n1135",289068.43,9099882.56
"n1136",289083.84,9099953.6
"n1137",288958.56,9099368.5
"n1138",288966.11,9099365.98
"n1139",288813.61,9099074.67
"n1140",288794.45,9099081.69
"n1141",288929.87,9099249.68
"n1142",288887.34,9099270.53
"n1143",288826.95,9099301.48
"n1144",288764.51,9099263.83
"n1145",288741,9099234.75
"n1146",288672.14,9099282.39
"n1147",288781.15,9099260.48
"n1148",288690.38,9099391.15
"n1149",288791.09,9099331.48
"n1150",288683.34,9099358.45
"n1151",288679.28,9099359.5
"n1152",288617.02,9098953.63
"n1153",288611.79,9098953.63
"n1154",288700.85,9099453.63
"n1155",288510.06,9098919.95
"n1156",288409.85,9098924.54
"n1157",288546.66,9098903.59
"n1158",288596.05,9098895.93
"n1159",288601.66,9098895.01
"n1160",288547.11,9098908.05
"n1161",288410.33,9098928.81
"n1162",288547.67,9098913.66
"n1163",288512.12,9098453.63
"n1164",288542.05,9098631
"n1165",288544.25,9098664.77
"n1166",288544.39,9098667.32
"n1167",288560.66,9098765.12
"n1168",288537.62,9098812.87
"n1169",288584.73,9098761.66
"n1170",288554.54,9098579.59
"n1171",288533.25,9098453.63
"n1172",288528.32,9098453.89
"n1173",288569.78,9098700.22
"n1174",288595.85,9098900.65
"n1175",288585.34,9098834.74
"n1176",288578.2,9098791.04
"n1177",288546.63,9098597.9
"n1178",288522.24,9098453.63
"n1179",288596.62,9098905.47
"n1180",288593.82,9098896.38
"n1181",288604.23,9098953.2
"n1182",288517.67,9098453.92
"n1183",288553.53,9098664.93
"n1184",288557.58,9098691.35
"n1185",288573.77,9098791.77
"n1186",288395.54,9098874.49
"n1187",288361.92,9098695.38
"n1188",288813.25,9099742.97
"n1189",290533.69,9100812.06
"n1190",290582.06,9100943.47
"n1191",290504.62,9100714.68
"n1192",290478.97,9100580.37
"n1193",290479.26,9100600.23
"n1194",290484,9100598.45
"n1195",290319.57,9100668.7
"n1196",290343.13,9100662.98
"n1197",290354.58,9100658.95
"n1198",290359.36,9100657.26
"n1199",290366.79,9100654.71
"n1200",290388.91,9100646.74
"n1201",290392.88,9100645.35
"n1202",290415.33,9100637.52
"n1203",290460.64,9100622.94
"n1204",290486.8,9100610.23
"n1205",290350.92,9100273.29
"n1206",290368.25,9100080.45
"n1207",290010.15,9099465.13
"n1208",290022.39,9099495.41
"n1209",290053.35,9099569.62
"n1210",290124.96,9099750.75
"n1211",290127.57,9099757.36
"n1212",290172.15,9099901.93
"n1213",289910.5,9099953.63
"n1214",289899.35,9099925.6
"n1215",289870.95,9099855.04
"n1216",289840.07,9099777.33
"n1217",289837.96,9099772.35
"n1218",289798.6,9099678.81
"n1219",289755.72,9099575.53
"n1220",289754.24,9099572.38
"n1221",289713.43,9099476.62
"n1222",289703.49,9099453.63
"n1223",289966.64,9100297.95
"n1224",289975.34,9100219.04
"n1225",289965.71,9100127.11
"n1226",289961.01,9100079.39
"n1227",290091.64,9099916.56
"n1228",290096.62,9099915.84
"n1229",290110.58,9099953.58
"n1230",289908.85,9099928.21
"n1231",289961.99,9099923.46
"n1232",290109.7,9099911.31
"n1233",290173.35,9099905.84
"n1234",290129.1,9099750.45
"n1235",290130.97,9099755.18
"n1236",290176.51,9099901.55
"n1237",290104.97,9099953.57
"n1238",289966.64,9099919.87
"n1239",290087.92,9099909.29
"n1240",289966.68,9099845.47
"n1241",290061.07,9099836.59
"n1242",289974.91,9100070.45
"n1243",290140.19,9100061.36
"n1244",290115.44,9099987.06
"n1245",290166.98,9100141.75
"n1246",290172.25,9100140
"n1247",290146.13,9100061.03
"n1248",289975.24,9100074.66
"n1249",289966.7,9100076.53
"n1250",289973.34,9100142.09
"n1251",290087.48,9100119.01
"n1252",289966.66,9100001.35
"n1253",289966.64,9099997.49
"n1254",290113.97,9099982.66
"n1255",289966.57,9100068.02
"n1256",290072.41,9100069.09
"n1257",289879.27,9099854.25
"n1258",289875.17,9099854.64
"n1259",289866.44,9099855.41
"n1260",289775.25,9099864.41
"n1261",289763.33,9099912.35
"n1262",289763.75,9099937.34
"n1263",289894.99,9099925.99
"n1264",289903.84,9099925.13
"n1265",289907.46,9099924.69
"n1266",289878.71,9099852.85
"n1267",289927.33,9100003.76
"n1268",289946.62,9100001.72
"n1269",289817.68,9100012.52
"n1270",289918.87,9099953.63
"n1271",289932.82,9099988.24
"n1272",289938.88,9100002.52
"n1273",289948.1,9100024.25
"n1274",290177.73,9099905.46
"n1275",289378.89,9100977.75
"n1276",289387.23,9101019.73
"n1277",289318.52,9101035.2
"n1278",289430.54,9101210.44
"n1279",289391.72,9101018.48
"n1280",289514,9100995.79
"n1281",289380.15,9100966.24
"n1282",289354.52,9101222.4
"n1283",289329.75,9101095.03
"n1284",289302.82,9100953.62
"n1285",289544.49,9101192.5
"n1286",289548.12,9101191.93
"n1287",289353.36,9101216.45
"n1288",289254.23,9100716.16
"n1289",289276.97,9100826.69
"n1290",289333.03,9100718.63
"n1291",289334.19,9100725.93
"n1292",289374.43,9100732.42
"n1293",289343.14,9100789.44
"n1294",289374.64,9100782.86
"n1295",289395.6,9101062.97
"n1296",289508.23,9100959.85
"n1297",289291.12,9100896.13
"n1298",289240.79,9100648.99
"n1299",289207.42,9100491.44
"n1300",289209.71,9100500.55
"n1301",289225.61,9100576.05
"n1302",289323.09,9100649.88
"n1303",289226.47,9100575.72
"n1304",289229.45,9100574.52
"n1305",289239.07,9100570.98
"n1306",289278.14,9100574.15
"n1307",289310.72,9100578.21
"n1308",289334.68,9100581.62
"n1309",289240.4,9100633.85
"n1310",289239.15,9100628.42
"n1311",289230.91,9100590.17
"n1312",289225.33,9100563.53
"n1313",289239.12,9100502.69
"n1314",289333.86,9100721.9
"n1315",289343.71,9100792.45
"n1316",289203.02,9100496.14
"n1317",289201.83,9100485.96
"n1318",289202.44,9100501.05
"n1319",289198.18,9100453.59
"n1320",289243.97,9100492.07
"n1321",289209.35,9100488.17
"n1322",289198.35,9100488.94
"n1323",289168.96,9100492
"n1324",289135.72,9100501.69
"n1325",289104.67,9100510.82
"n1326",289194.8,9100453.56
"n1327",289106.2,9100054.3
"n1328",289125.51,9100141.45
"n1329",289179.63,9100364.14
"n1330",289187.46,9100420.46
"n1331",289081.66,9100444.6
"n1332",289276.72,9100361.33
"n1333",289173.59,9100359.69
"n1334",289174.88,9100364.07
"n1335",289274.53,9100365.46
"n1336",289334.48,9100372.34
"n1337",289439.05,9100386.06
"n1338",289439.28,9100384.88
"n1339",289439.7,9100382.8
"n1340",289335.04,9100369.02
"n1341",289109.82,9100047.78
"n1342",289089.56,9099955.99
"n1343",289167.88,9100298.66
"n1344",289168.31,9100300.84
"n1345",289161.2,9100302.43
"n1346",289170.71,9100298.17
"n1347",289348.75,9100259
"n1348",289166.52,9100304.6
"n1349",289259.74,9100282.33
"n1350",289178.47,9100358.74
"n1351",289147.87,9100242.33
"n1352",289244.13,9100224.56
"n1353",289335.97,9100204.09
"n1354",289152.54,9100241.29
"n1355",289153.32,9100244.81
"n1356",289165.81,9100301.4
"n1357",289161.92,9100305.7
"n1358",289028.29,9100165.55
"n1359",289130.16,9100139.89
"n1360",289161.57,9100132.06
"n1361",289176.57,9100128.15
"n1362",289316.48,9100094.09
"n1363",289464.8,9100058.06
"n1364",289105.01,9100048.95
"n1365",289022.35,9100069.05
"n1366",289112.17,9100053.03
"n1367",289198.81,9100031.93
"n1368",289085.46,9099960.73
"n1369",289022.97,9099976.19
"n1370",289084.63,9099957.17
"n1371",289074.48,9099959.59
"n1372",289025.04,9099668.79
"n1373",289025.66,9099671.15
"n1374",289025.79,9099671.7
"n1375",289029.58,9099687.66
"n1376",289050.22,9099776.09
"n1377",289073.09,9099880.47
"n1378",289089.03,9099953.6
"n1379",289099.42,9099953.63
"n1380",289069.6,9099876.48
"n1381",289075.04,9099873.77
"n1382",289101.39,9099861.72
"n1383",289154.78,9099837.02
"n1384",288975.13,9099925.61
"n1385",289070.17,9099881.74
"n1386",289077.79,9099878.29
"n1387",289266.49,9099791.18
"n1388",288965.16,9099700.72
"n1389",289018.58,9099674.92
"n1390",289023.68,9099672.53
"n1391",289029.43,9099669.45
"n1392",289053.69,9099658.2
"n1393",289084.7,9099643.98
"n1394",289110.56,9099631.96
"n1395",288931.35,9099718.51
"n1396",289811.57,9099453.63
"n1397",289804.31,9099437.57
"n1398",289759.7,9099342.33
"n1399",289754.87,9099332.16
"n1400",289752.78,9099327.77
"n1401",289694.56,9099204.7
"n1402",289765.23,9099453.63
"n1403",289805.69,9099436.98
"n1404",289888.02,9099401.62
"n1405",289970.07,9099366.5
"n1406",289664.18,9099370.26
"n1407",289659.82,9099372.28
"n1408",289662.19,9099365.99
"n1409",289639.48,9099317.71
"n1410",289630.71,9099299.26
"n1411",289710.56,9099453.63
"n1412",289678.25,9099383.24
"n1413",289943.69,9099763.84
"n1414",289940.88,9099756.72
"n1415",289891.72,9099639.61
"n1416",289882.89,9099617.67
"n1417",289846.43,9099535.21
"n1418",289966.64,9099623.18
"n1419",289996.6,9099689.22
"n1420",290025.61,9099756.85
"n1421",289966.64,9099606.36
"n1422",289767.33,9099584.88
"n1423",289766.5,9099582
"n1424",289809.06,9099690.91
"n1425",289808,9099688.1
"n1426",289907.43,9099453.63
"n1427",289732.62,9099782.83
"n1428",289730.96,9099779.22
"n1429",289729.16,9099775.38
"n1430",289674.83,9099657.18
"n1431",289657.66,9099618.48
"n1432",289640.4,9099579.58
"n1433",289613.94,9099520.76
"n1434",289960.95,9099606.8
"n1435",289918.23,9099504.44
"n1436",289925.23,9099501.44
"n1437",289803.58,9099676.73
"n1438",289805.53,9099681.62
"n1439",289719.6,9099779.15
"n1440",289689.16,9099782.08
"n1441",289668.47,9099780.33
"n1442",289656.34,9099777.07
"n1443",289649.58,9099773.51
"n1444",289610.59,9099744.84
"n1445",289598.31,9099735.74
"n1446",289584.8,9099723.18
"n1447",289572.16,9099705.48
"n1448",289554.63,9099663.99
"n1449",289892.98,9099637.69
"n1450",289763.29,9099568.27
"n1451",289759.18,9099570.19
"n1452",289661.07,9099615.27
"n1453",289652.98,9099618.96
"n1454",289551.5,9099665.42
"n1455",289719.66,9099475.43
"n1456",289760.35,9099573.62
"n1457",289763.5,9099572.31
"n1458",289724.09,9099471.81
"n1459",289719.21,9099473.99
"n1460",289709.28,9099478.45
"n1461",289623.98,9099516.23
"n1462",289515.69,9099564.77
"n1463",289399.27,9099616.24
"n1464",289478.26,9099456.88
"n1465",289481.31,9099468.26
"n1466",289482.64,9099473.34
"n1467",289494.57,9099505.9
"n1468",289540.6,9099634.91
"n1469",289550.44,9099662.17
"n1470",289468.48,9099699.02
"n1471",289552.97,9099669.93
"n1472",289546.63,9099667.65
"n1473",289730.44,9099793.69
"n1474",289711.58,9099822.43
"n1475",289940.52,9099764.07
"n1476",289851.99,9099771.14
"n1477",289832.74,9099772.8
"n1478",289824.19,9099773.56
"n1479",289744.73,9099779.82
"n1480",289975.05,9100216.3
"n1481",289971.77,9100216.51
"n1482",290124.84,9099750.45
"n1483",290141.45,9100065.13
"n1484",290173.41,9100144.77
"n1485",290147.37,9100064.79
"n1486",290147.48,9100065.13
"n1487",290221.02,9100063.79
"n1488",290087.13,9100119.08
"n1489",289980.47,9100213.77
"n1490",289981.12,9100243.49
"n1491",289973.28,9100292.82
"n1492",289970.9,9100307.86
"n1493",289979.85,9100206.4
"n1494",290239.3,9100124.93
"n1495",290146.56,9100314.75
"n1496",290168.23,9100386.55
"n1497",290122.9,9100243.79
"n1498",290261.21,9100198.2
"n1499",290041.2,9100349.24
"n1500",290238.63,9100125.13
"n1501",290282.73,9100270.18
"n1502",290304.03,9100339.46
"n1503",290128.46,9100400.45
"n1504",290188.99,9100502.44
"n1505",290300.04,9100521.12
"n1506",290336.95,9100522.43
"n1507",290178.47,9100529.41
"n1508",290337.17,9100557.49
"n1509",290334.85,9100525.1
"n1510",290335.16,9100501.41
"n1511",290233.79,9100453.63
"n1512",290260.31,9100461.38
"n1513",290336.79,9100655.36
"n1514",290036.38,9100346.54
"n1515",290119.09,9100396.15
"n1516",290127.7,9100404.07
"n1517",289974.67,9100311.92
"n1518",289970.38,9100310.84
"n1519",290240.54,9100361.61
"n1520",290304.09,9100339.64
"n1521",290130.11,9100654.52
"n1522",290130.2,9100648.35
"n1523",290132.94,9100453.63
"n1524",290127.36,9100400.84
"n1525",290517.47,9101145.44
"n1526",290516.64,9101141.73
"n1527",290477.52,9101162.42
"n1528",290473.21,9101075.4
"n1529",290480.48,9101157.26
"n1530",290482.62,9101051.84
"n1531",290531.38,9101139.06
"n1532",290292.18,9100842.81
"n1533",290431.35,9100775.39
"n1534",290439.35,9100836.95
"n1535",290491.66,9100612.1
"n1536",290454.8,9101166.44
"n1537",290549.84,9101232.34
"n1538",290497,9101438.15
"n1539",290584.25,9101316.02
"n1540",290134.8,9100775.67
"n1541",290134.74,9100781.46
"n1542",290360.36,9100761.96
"n1543",290340.63,9100658.22
"n1544",290492.98,9100607.61
"n1545",290575.84,9100580.67
"n1546",289984.8,9100613.96
"n1547",289986.26,9100614.29
"n1548",290017.6,9100453.63
"n1549",289983.72,9100619.13
"n1550",289980.27,9100613.04
"n1551",290006.63,9100482.9
"n1552",290012.66,9100453.63
"n1553",290061.86,9100634.47
"n1554",290063.64,9100612.42
"n1555",290065.92,9100582.17
"n1556",290068.23,9100559.92
"n1557",290069.92,9100538.87
"n1558",290072.54,9100521.97
"n1559",290075.51,9100500.85
"n1560",290056.38,9100633.51
"n1561",290058.17,9100611.28
"n1562",290060.45,9100581.03
"n1563",290062.39,9100558.3
"n1564",290064.45,9100537.73
"n1565",290067.07,9100520.83
"n1566",290070.02,9100500.26
"n1567",289983.77,9100618.91
"n1568",290093.26,9100646.04
"n1569",290093.77,9100641.03
"n1570",289958.03,9100617.61
"n1571",289916.33,9100603.86
"n1572",289925.05,9100605.76
"n1573",289966.64,9100615.46
"n1574",290101.59,9100646.84
"n1575",290130.15,9100651.7
"n1576",290153.21,9100652.98
"n1577",289966.64,9100615.46
"n1578",290022.41,9100427.36
"n1579",290034.09,9100363.52
"n1580",290021.27,9100427.01
"n1581",290108.19,9100453.64
"n1582",290030.6,9100362.35
"n1583",289966.64,9100411.09
"n1584",289842.91,9100367.82
"n1585",289947.09,9100404.25
"n1586",289966.88,9100326.97
"n1587",289957.71,9100373.23
"n1588",289951.38,9100404.38
"n1589",289949.78,9100412.26
"n1590",289944.29,9100442.14
"n1591",289940.05,9100465.15
"n1592",289938.18,9100475.34
"n1593",289927.73,9100531.8
"n1594",289926.67,9100537.62
"n1595",289922.41,9100560.9
"n1596",289917.63,9100534.41
"n1597",289916.8,9100538.43
"n1598",289921.46,9100539.22
"n1599",289915.88,9100570.07
"n1600",289922.43,9100534.07
"n1601",289935.72,9100465.4
"n1602",289993.07,9100550.13
"n1603",289966.64,9100544.4
"n1604",289508.3,9100464.46
"n1605",289671.61,9100486.05
"n1606",289709.64,9100492.01
"n1607",289780.35,9100506.43
"n1608",289966.64,9100472.9
"n1609",289887.19,9100453.63
"n1610",289938.08,9100453.19
"n1611",289808.21,9100434.45
"n1612",289861.85,9100321.37
"n1613",289864.73,9100323.43
"n1614",289891.7,9100267.5
"n1615",289777.83,9100338.63
"n1616",289721.17,9100240.06
"n1617",289805.95,9100282.02
"n1618",289831.78,9100237.25
"n1619",289826.88,9100238.87
"n1620",289829.12,9100233.98
"n1621",289724.78,9100453.73
"n1622",289744.93,9100408.05
"n1623",289746.94,9100403.59
"n1624",289769.35,9100355.64
"n1625",289812.22,9100269.69
"n1626",289759.26,9100206.57
"n1627",289585.22,9100278.97
"n1628",289566.43,9100282.2
"n1629",289618.13,9100348.65
"n1630",289621.98,9100344.6
"n1631",289676.93,9100453.63
"n1632",289568.63,9100400.82
"n1633",289716.68,9100471.59
"n1634",289705.85,9100494.59
"n1635",289710.8,9100484.55
"n1636",289518.52,9100453.63
"n1637",289670.9,9100289.75
"n1638",289755.25,9100200.66
"n1639",289765.06,9100205.77
"n1640",289513.39,9100453.63
"n1641",289752.04,9100200.05
"n1642",289673.89,9100291.54
"n1643",289791.87,9100475.29
"n1644",289799.21,9100453.63
"n1645",289504.89,9100468.06
"n1646",289703.72,9100494.27
"n1647",289776.13,9100509.07
"n1648",289767.77,9100524.81
"n1649",289754.6,9100552.44
"n1650",289747.08,9100567.05
"n1651",289469.67,9100521.37
"n1652",289472.39,9100507.94
"n1653",289476.18,9100496.1
"n1654",289515.75,9100453.63
"n1655",289469.73,9100529.08
"n1656",289470.48,9100526.02
"n1657",289476.34,9100502.15
"n1658",289481.89,9100492.43
"n1659",289467.05,9100527.86
"n1660",289467.32,9100525.33
"n1661",289467.86,9100520.13
"n1662",289473.44,9100495.82
"n1663",289467.76,9100521.13
"n1664",289447.4,9100518.63
"n1665",289415.63,9100514.42
"n1666",289358.66,9100507.05
"n1667",289473.95,9100521.89
"n1668",289678.92,9100553.22
"n1669",289692.34,9100555.68
"n1670",289760.82,9100569.85
"n1671",289843.05,9100587.97
"n1672",289901.95,9100600.74
"n1673",289907.39,9100611.63
"n1674",289759.42,9100199.75
"n1675",289966.08,9100301.23
"n1676",290244.18,9100453.63
"n1677",290041.05,9100349.29
"n1678",289965.44,9100304.73
"n1679",289892.81,9100265.19
"n1680",288894.03,9099724.6
"n1681",288896.96,9099737.68
"n1682",288966.64,9099816.29
"n1683",289040.94,9099780.29
"n1684",289178.93,9099716.59
"n1685",289328.17,9099647.52
"n1686",289363.64,9099631.34
"n1687",289594.63,9100025.95
"n1688",289532.33,9100041.25
"n1689",289075.09,9100519.48
"n1690",289069.12,9100521.28
"n1691",289061.3,9100523.58
"n1692",288992.46,9100544.96
"n1693",288967.39,9100551.99
"n1694",289191.17,9099820.57
"n1695",289265.59,9099785.85
"n1696",289562.87,9099938.24
"n1697",289561.39,9099933.42
"n1698",289535.14,9099855.8
"n1699",289534.96,9099848.95
"n1700",289458.29,9099866.55
"n1701",289568.8,9099849.03
"n1702",289575.83,9099849.86
"n1703",289580.88,9099851.01
"n1704",289588.98,9099854.07
"n1705",289603.71,9099862.09
"n1706",289611.7,9099866.92
"n1707",289626.59,9099877.75
"n1708",289635.19,9099884.2
"n1709",289639.58,9099887.59
"n1710",289644.05,9099892.14
"n1711",289646.16,9099896
"n1712",289492.89,9099953.63
"n1713",289554.51,9099940.54
"n1714",289582,9099933.52
"n1715",289607.06,9099925.9
"n1716",289631.88,9099910.77
"n1717",289651.13,9099890.32
"n1718",289491.82,9099757.65
"n1719",289493.19,9099759.78
"n1720",289494.81,9099762.31
"n1721",289283.21,9100011.56
"n1722",289296.9,9100001.98
"n1723",289222.26,9100122.26
"n1724",289175.08,9100133.47
"n1725",289257.86,9100280.57
"n1726",289256.01,9100272.19
"n1727",289241.78,9100215.11
"n1728",289234.74,9100184.06
"n1729",289221.17,9100125.66
"n1730",289219.55,9100117.64
"n1731",289215.06,9100095.53
"n1732",289199.76,9100026.91
"n1733",289196.44,9100011.78
"n1734",289183.41,9099953.63
"n1735",289349.5,9100262.46
"n1736",289420.47,9100246.76
"n1737",289261.7,9100453.63
"n1738",289275.15,9100361.22
"n1739",289317.03,9100096.46
"n1740",289303.27,9100099.82
"n1741",289317.93,9100100.38
"n1742",289335.73,9100200.63
"n1743",289409.21,9100184.18
"n1744",289409.78,9100187.86
"n1745",289286.56,9099953.67
"n1746",289435.71,9100311.44
"n1747",289369.18,9100326.27
"n1748",289341.81,9100330.91
"n1749",289451.85,9100386.9
"n1750",289448.22,9100384.11
"n1751",289341.1,9100338.28
"n1752",289322.55,9100453.51
"n1753",289494.84,9100225.29
"n1754",289483.57,9100171.56
"n1755",289461.63,9100066.93
"n1756",289460.17,9100061.74
"n1757",289436.54,9100315.72
"n1758",289507.68,9100298.41
"n1759",289495.83,9100230.04
"n1760",289565.43,9100214.66
"n1761",289488.19,9100170.54
"n1762",289555.72,9100155.62
"n1763",289422.73,9100180.99
"n1764",289487.33,9100166.42
"n1765",289553.13,9100151.57
"n1766",289365.35,9100084.85
"n1767",289392.44,9100077.58
"n1768",289467.47,9100059.8
"n1769",289537.39,9100042.84
"n1770",289389.8,9100082.24
"n1771",289463.19,9100063.86
"n1772",289533.23,9100046.72
"n1773",289411.4,9100185.66
"n1774",289422.45,9100242.83
"n1775",289443.72,9100352.89
"n1776",289532.33,9100041.54
"n1777",289532.98,9100045.51
"n1778",289538.39,9100048.05
"n1779",289624.97,9100024.72
"n1780",289624.27,9100021.54
"n1781",289641.7,9100132.06
"n1782",289648.02,9100130.76
"n1783",289643.89,9100136.11
"n1784",289620.07,9100024.97
"n1785",289561.55,9100156.26
"n1786",289571.38,9100208.31
"n1787",289572.37,9100213.15
"n1788",289688.1,9100188.77
"n1789",289693.23,9100199.99
"n1790",289603.92,9100294.61
"n1791",289544.5,9100101.33
"n1792",289665.07,9100697.44
"n1793",289620.96,9100692.09
"n1794",289481.31,9100600.19
"n1795",289531.86,9100606.58
"n1796",289586.01,9100613.51
"n1797",289618.5,9100617.47
"n1798",289334.43,9100583.47
"n1799",289325.54,9100651.88
"n1800",289447.09,9100666.81
"n1801",289435.33,9100596.35
"n1802",289343.53,9100515.09
"n1803",289427,9100527.88
"n1804",289433.15,9100593.64
"n1805",289437.23,9100594.06
"n1806",289449.1,9100667.07
"n1807",289257.48,9100477.68
"n1808",289491.94,9100677.7
"n1809",289475.91,9100597.55
"n1810",289466.71,9100537.35
"n1811",289487.35,9100668.41
"n1812",289483.91,9100649.12
"n1813",289477,9100605.01
"n1814",289476.19,9100599.55
"n1815",289536.98,9100953.63
"n1816",289532.73,9100931.71
"n1817",289527.4,9100903.56
"n1818",289521.5,9100873.27
"n1819",289516.08,9100843.08
"n1820",289512.51,9100823.62
"n1821",289510.47,9100812.5
"n1822",289505.82,9100784.24
"n1823",289501.27,9100755.99
"n1824",289500.19,9100748.62
"n1825",289496.82,9100725.7
"n1826",289491.99,9100696.86
"n1827",289489.08,9100677.97
"n1828",289488.91,9100677.36
"n1829",289676.11,9100694.8
"n1830",289200.77,9100025.69
"n1831",289315.2,9100087.52
"n1832",289592.84,9100833.57
"n1833",289616.39,9100836.6
"n1834",289570.15,9100755.83
"n1835",289646.31,9100765.09
"n1836",289568.03,9100951.35
"n1837",289449.65,9100670.43
"n1838",289471.57,9100521.6
"n1839",289515.75,9100453.63
"n1840",289282.97,9100365.57
"n1841",289334.77,9100370.36
"n1842",289349.92,9100258.77
"n1843",289350.22,9100256.08
"n1844",289388.56,9100076.32
"n1845",289686.44,9100006.51
"n1846",289499.69,9100225.85
"n1847",289567.35,9100211.85
"n1848",289680.72,9100186.05
"n1849",289580.25,9100274.27
"n1850",289689.65,9100126.03
"n1851",289717.75,9099995.85
"n1852",289716,9099961.15
"n1853",289594.77,9100026.34
"n1854",289714.31,9100001.77
"n1855",289656.87,9100128.83
"n1856",289482.71,9100167.46
"n1857",289243.28,9100221.15
"n1858",289148.65,9100245.85
"n1859",290014.4,9101365.02
"n1860",290013.09,9101453.71
"n1861",290144.59,9101453.71
"n1862",290235.83,9101405.06
"n1863",290233.32,9101453.63
"n1864",290090.24,9101199.18
"n1865",290078.66,9101264.76
"n1866",290105.9,9101137.97
"n1867",290102.35,9101150.7
"n1868",290163.38,9101197.05
"n1869",289472.13,9099341.98
"n1870",289476.39,9099333.34
"n1871",289473.06,9099325.49
"n1872",289471.3,9099321.61
"n1873",289405.21,9099166.4
"n1874",289479.31,9099133.13
"n1875",289522.26,9099231.78
"n1876",289548.63,9099293.5
"n1877",289477.5,9099323.58
"n1878",288967.39,9100551.99
"n1879",289013.91,9101185.84
"n1880",289021.99,9101184.69
"n1881",289139.44,9101169.64
"n1882",289212.22,9101159.32
"n1883",288986.9,9101277.07
"n1884",288976.62,9101278.96
"n1885",289004.92,9101453.63
"n1886",289220.81,9101284.47
"n1887",289231.25,9101271.68
"n1888",289802.59,9101324.31
"n1889",289801.37,9101338.56
"n1890",289800.29,9101357.49
"n1891",289798.85,9101385.02
"n1892",289798.75,9101453.63
"n1893",289872.13,9101338.39
"n1894",289868,9101453.63
"n1895",289746.28,9101317.51
"n1896",289877.98,9101246.24
"n1897",289850.38,9101242.1
"n1898",289827.41,9101238.54
"n1899",288915.85,9101002.43
"n1900",288757.19,9101122.45
"n1901",288934.72,9101001.75
"n1902",288935.46,9101004.96
"n1903",288815.94,9101076.46
"n1904",288817.37,9101081.11
"n1905",288848.52,9101262.44
"n1906",288687.35,9101162.94
"n1907",288588.54,9101263.59
"n1908",288724.87,9101140.73
"n1909",288681.99,9101182.32
"n1910",288751.3,9101134.04
"n1911",288747.88,9101129
"n1912",288419.06,9101453.63
"n1913",288429.92,9101453.63
"n1914",288440.74,9101453.63
"n1915",288862.82,9101282.29
