"ID","Elevation","Demand","Pattern"
"n1",9.30259,0,NA
"n2",9.52589,0,NA
"n3",17.28224,0,NA
"n4",21.6821,0,NA
"n5",13.39839,0,NA
"n6",9.72405,0,NA
"n7",13.78664,0,NA
"n8",13.26243,0,NA
"n9",17.60733,0,NA
"n10",17.10454,0,NA
"n11",7.48,0,NA
"n12",8.65,0,NA
"n13",13.94885,0,NA
"n14",9.13881,0,NA
"n15",8.54,0,NA
"n16",8.49,0,NA
"n17",8.8,0,NA
"n18",9.2042,0,NA
"n19",8.755,0,NA
"n20",12.0125,0,NA
"n21",12.09,0,NA
"n22",12.24,0,NA
"n23",10.046,0,NA
"n24",8.66185,0,NA
"n25",11.32667,0,NA
"n26",8.62,0,NA
"n27",9.4011,0,NA
"n28",10.49,0,NA
"n29",10.92,0,NA
"n30",8.66,0,NA
"n31",12.07333,0,NA
"n32",10.89458,0,NA
"n33",11.37811,0,NA
"n34",7.478,0,NA
"n35",8.65,0,NA
"n36",9.45275,0,NA
"n37",7.42333,0,NA
"n38",6.204,0,NA
"n39",5.388,0,NA
"n40",6.58112,0,NA
"n41",7.28,0,NA
"n42",8.475,0,NA
"n43",8.2,0,NA
"n44",8.89,0,NA
"n45",8.61534,0,NA
"n46",8.62667,0,NA
"n47",8.515,0,NA
"n48",8.65,0,NA
"n49",8.49937,0,NA
"n50",8.56723,0,NA
"n51",8.56536,0,NA
"n52",8.56,0,NA
"n53",8.724,0,NA
"n54",8.69258,0,NA
"n55",8.29,0,NA
"n56",8.77,0,NA
"n57",8.36,0,NA
"n58",8.06,0,NA
"n59",8.938,0,NA
"n60",8.00773,0,NA
"n61",8.85,0,NA
"n62",8.43,0,NA
"n63",9.22428,0,NA
"n64",7.45415,0,NA
"n65",8.938,0,NA
"n66",7.77,0,NA
"n67",7.945,0,NA
"n68",7.77878,0,NA
"n69",8.65,0,NA
"n70",7.6,0,NA
"n71",9.072,0,NA
"n72",9.26021,0,NA
"n73",7.5495,0,NA
"n74",8.45872,0,NA
"n75",9.02,0,NA
"n76",8.275,0,NA
"n77",8.35333,0,NA
"n78",8.8475,0,NA
"n79",8.15,0,NA
"n80",8.085,0,NA
"n81",8.23,0,NA
"n82",8.25511,0,NA
"n83",8.14747,0,NA
"n84",8.37814,0,NA
"n85",8.1525,0,NA
"n86",8.49333,0,NA
"n87",8.78,0,NA
"n88",8.22333,0,NA
"n89",8.13,0,NA
"n90",7.52905,0,NA
"n91",8.04,0,NA
"n92",8.3,0,NA
"n93",8.51,0,NA
"n94",8.0925,0,NA
"n95",8.07,0,NA
"n96",8.15,0,NA
"n97",8.176,0,NA
"n98",8.13,0,NA
"n99",6.77,0,NA
"n100",6.3,0,NA
"n101",6.0266,0,NA
"n102",5.98861,0,NA
"n103",6.02336,0,NA
"n104",7.69551,0,NA
"n105",7.602,0,NA
"n106",7.57461,0,NA
"n107",6.212,0,NA
"n108",6.25,0,NA
"n109",2.94,0,NA
"n110",6.27105,0,NA
"n111",7.46667,0,NA
"n112",7.70677,0,NA
"n113",7.76333,0,NA
"n114",7.69,0,NA
"n115",7.3,0,NA
"n116",7.17444,0,NA
"n117",7.2275,0,NA
"n118",7.222,0,NA
"n119",7.22077,0,NA
"n120",6.72,0,NA
"n121",6.265,0,NA
"n122",3.35,0,NA
"n123",4.465,0,NA
"n124",4.4975,0,NA
"n125",4.51,0,NA
"n126",4.55125,0,NA
"n127",3.855,0,NA
"n128",8.67,0,NA
"n129",8.81031,0,NA
"n130",8.578,0,NA
"n131",7.355,0,NA
"n132",8.135,0,NA
"n133",7.96033,0,NA
"n134",4.26489,0,NA
"n135",7.57,0,NA
"n136",8.12,0,NA
"n137",7.96,0,NA
"n138",7.814,0,NA
"n139",7.56557,0,NA
"n140",7.716,0,NA
"n141",7.74,0,NA
"n142",7.45028,0,NA
"n143",8.115,0,NA
"n144",8.64882,0,NA
"n145",7.78,0,NA
"n146",8.42648,0,NA
"n147",8.488,0,NA
"n148",8.28,0,NA
"n149",8.27667,0,NA
"n150",8.32557,0,NA
"n151",7.76,0,NA
"n152",7.905,0,NA
"n153",8.33,0,NA
"n154",8.455,0,NA
"n155",7.78467,0,NA
"n156",7.37743,0,NA
"n157",6.92,0,NA
"n158",6.75,0,NA
"n159",6.47547,0,NA
"n160",5.905,0,NA
"n161",4.78,0,NA
"n162",8.16,0,NA
"n163",8.815,0,NA
"n164",7.60102,0,NA
"n165",7.97,0,NA
"n166",8.238,0,NA
"n167",8.11545,0,NA
"n168",7.75333,0,NA
"n169",7.945,0,NA
"n170",7.905,0,NA
"n171",7.71,0,NA
"n172",7.75333,0,NA
"n173",8.14,0,NA
"n174",8.63667,0,NA
"n175",8.6825,0,NA
"n176",8.785,0,NA
"n177",8.8,0,NA
"n178",8.828,0,NA
"n179",0.65538,0,NA
"n180",8.09472,0,NA
"n181",7.54,0,NA
"n182",8.8,0,NA
"n183",8.7625,0,NA
"n184",8.5225,0,NA
"n185",8.3,0,NA
"n186",7.98,0,NA
"n187",7.618,0,NA
"n188",7.43,0,NA
"n189",8.73,0,NA
"n190",8.8525,0,NA
"n191",8.2825,0,NA
"n192",5.925,0,NA
"n193",5.93,0,NA
"n194",3.31949,0,NA
"n195",3.085,0,NA
"n196",4.04,0,NA
"n197",3.965,0,NA
"n198",4.72,0,NA
"n199",6.51,0,NA
"n200",8.444,0,NA
"n201",8.78,0,NA
"n202",8.85,0,NA
"n203",8.82,0,NA
"n204",8.63,0,NA
"n205",8.28,0,NA
"n206",7.64,0,NA
"n207",8.46,0,NA
"n208",8.15,0,NA
"n209",7.975,0,NA
"n210",6.49,0,NA
"n211",5.48375,0,NA
"n212",3.744,0,NA
"n213",5.38257,0,NA
"n214",6.48489,0,NA
"n215",6.73,0,NA
"n216",6.2,0,NA
"n217",7.14833,0,NA
"n218",6.6,0,NA
"n219",6.38,0,NA
"n220",6.828,0,NA
"n221",7.41,0,NA
"n222",8.41759,0,NA
"n223",6.535,0,NA
"n224",7.618,0,NA
"n225",8.25,0,NA
"n226",6.21339,0,NA
"n227",5.98,0,NA
"n228",8.188,0,NA
"n229",8.22,0,NA
"n230",8.31608,0,NA
"n231",8.0403,0,NA
"n232",7.535,0,NA
"n233",7.61333,0,NA
"n234",8.52375,0,NA
"n235",8.18137,0,NA
"n236",8.17,0,NA
"n237",7.48,0,NA
"n238",4.59,0,NA
"n239",8.46,0,NA
"n240",7.494,0,NA
"n241",9.0425,0,NA
"n242",7.292,0,NA
"n243",8.86282,0,NA
"n244",8.29,0,NA
"n245",8.2925,0,NA
"n246",8.24,0,NA
"n247",8.33,0,NA
"n248",8.51717,0,NA
"n249",8.7175,0,NA
"n250",8.39,0,NA
"n251",8.51,0,NA
"n252",8.45,0,NA
"n253",8.5475,0,NA
"n254",8.24,0,NA
"n255",8.41333,0,NA
"n256",8.65,0,NA
"n257",7.69,0,NA
"n258",7.355,0,NA
"n259",6.58,0,NA
"n260",6.255,0,NA
"n261",6.04,0,NA
"n262",5.26667,0,NA
"n263",8.754,0,NA
"n264",6.825,0,NA
"n265",7.04,0,NA
"n266",8.39,0,NA
"n267",6.95,0,NA
"n268",4.64444,0,NA
"n269",7.2202,0,NA
"n270",8.26074,0,NA
"n271",8.24109,0,NA
"n272",4.97,0,NA
"n273",8.04,0,NA
"n274",7.98,0,NA
"n275",2.325,0,NA
"n276",2.37333,0,NA
"n277",2.52,0,NA
"n278",2.522,0,NA
"n279",2.316,0,NA
"n280",2.625,0,NA
"n281",2.38333,0,NA
"n282",2.29,0,NA
"n283",6.48,0,NA
"n284",6.8,0,NA
"n285",3.4425,0,NA
"n286",1.74,0,NA
"n287",2.49,0,NA
"n288",3.245,0,NA
"n289",3.3,0,NA
"n290",3.02,0,NA
"n291",3.24,0,NA
"n292",3.11782,0,NA
"n293",2.89091,0,NA
"n294",2.15667,0,NA
"n295",2.235,0,NA
"n296",2.36409,0,NA
"n297",1.77249,0,NA
"n298",2.74667,0,NA
"n299",3.06,0,NA
"n300",1.74,0,NA
"n301",2.40855,0,NA
"n302",2.89825,0,NA
"n303",2.38642,0,NA
"n304",2.49,0,NA
"n305",2.45,0,NA
"n306",2.435,0,NA
"n307",1.97,0,NA
"n308",1.88,0,NA
"n309",1.94,0,NA
"n310",2.01321,0,NA
"n311",2.16629,0,NA
"n312",1.82789,0,NA
"n313",1.586,0,NA
"n314",1.9956,0,NA
"n315",1.56148,0,NA
"n316",1.68,0,NA
"n317",2.11988,0,NA
"n318",2.495,0,NA
"n319",2.46,0,NA
"n320",1.942,0,NA
"n321",2.655,0,NA
"n322",2.49,0,NA
"n323",1.9,0,NA
"n324",1.69626,0,NA
"n325",1.624,0,NA
"n326",1.905,0,NA
"n327",1.78349,0,NA
"n328",2.18,0,NA
"n329",2.05529,0,NA
"n330",1.82,0,NA
"n331",1.79933,0,NA
"n332",1.58,0,NA
"n333",1.55,0,NA
"n334",1.568,0,NA
"n335",1.625,0,NA
"n336",1.72598,0,NA
"n337",3.19865,0,NA
"n338",1.63901,0,NA
"n339",1.68362,0,NA
"n340",2.34,0,NA
"n341",1.73333,0,NA
"n342",2.43,0,NA
"n343",1.74,0,NA
"n344",1.67386,0,NA
"n345",1.51,0,NA
"n346",1.54667,0,NA
"n347",1.67658,0,NA
"n348",1.545,0,NA
"n349",1.61,0,NA
"n350",1.68526,0,NA
"n351",2.246,0,NA
"n352",1.97,0,NA
"n353",1.86567,0,NA
"n354",1.81,0,NA
"n355",1.73,0,NA
"n356",1.75,0,NA
"n357",1.96,0,NA
"n358",1.9597,0,NA
"n359",1.84298,0,NA
"n360",1.84,0,NA
"n361",1.79677,0,NA
"n362",1.68667,0,NA
"n363",1.87,0,NA
"n364",2.6825,0,NA
"n365",2.48,0,NA
"n366",2.46,0,NA
"n367",2.57,0,NA
"n368",2.685,0,NA
"n369",3.11,0,NA
"n370",2.93333,0,NA
"n371",2.02364,0,NA
"n372",1.91,0,NA
"n373",1.905,0,NA
"n374",3.11333,0,NA
"n375",2.66,0,NA
"n376",1.85571,0,NA
"n377",2.44576,0,NA
"n378",2.43,0,NA
"n379",2.525,0,NA
"n380",2.84,0,NA
"n381",3.05881,0,NA
"n382",2.91704,0,NA
"n383",1.695,0,NA
"n384",2.22,0,NA
"n385",2.18333,0,NA
"n386",2.24,0,NA
"n387",1.85,0,NA
"n388",1.73,0,NA
"n389",1.57,0,NA
"n390",1.92599,0,NA
"n391",1.53833,0,NA
"n392",1.688,0,NA
"n393",1.73417,0,NA
"n394",1.91,0,NA
"n395",2.02615,0,NA
"n396",2.11,0,NA
"n397",1.956,0,NA
"n398",1.68,0,NA
"n399",1.665,0,NA
"n400",1.96667,0,NA
"n401",2.01,0,NA
"n402",1.38,0,NA
"n403",1.48,0,NA
"n404",1.55667,0,NA
"n405",1.90307,0,NA
"n406",1.75734,0,NA
"n407",2.15416,0,NA
"n408",2.02,0,NA
"n409",2,0,NA
"n410",1.87,0,NA
"n411",1.8,0,NA
"n412",1.64667,0,NA
"n413",1.57,0,NA
"n414",1.52,0,NA
"n415",1.7325,0,NA
"n416",1.88078,0,NA
"n417",1.71,0,NA
"n418",1.88,0,NA
"n419",1.83,0,NA
"n420",1.69865,0,NA
"n421",1.778,0,NA
"n422",1.65235,0,NA
"n423",1.72667,0,NA
"n424",1.682,0,NA
"n425",2.32,0,NA
"n426",2.32,0,NA
"n427",1.77,0,NA
"n428",1.825,0,NA
"n429",1.80212,0,NA
"n430",1.694,0,NA
"n431",1.81,0,NA
"n432",1.96745,0,NA
"n433",1.68,0,NA
"n434",2.045,0,NA
"n435",1.38,0,NA
"n436",1.95,0,NA
"n437",2.05444,0,NA
"n438",1.94,0,NA
"n439",1.77,0,NA
"n440",1.93,0,NA
"n441",1.78,0,NA
"n442",2.01091,0,NA
"n443",1.955,0,NA
"n444",3.205,0,NA
"n445",3.36,0,NA
"n446",2.4,0,NA
"n447",2.41514,0,NA
"n448",2.38167,0,NA
"n449",2.33,0,NA
"n450",2.285,0,NA
"n451",2.365,0,NA
"n452",1.94,0,NA
"n453",3.355,0,NA
"n454",3.57,0,NA
"n455",3,0,NA
"n456",4.06,0,NA
"n457",1.92,0,NA
"n458",2.15,0,NA
"n459",1.77,0,NA
"n460",1.74,0,NA
"n461",1.68,0,NA
"n462",1.93,0,NA
"n463",1.9443,0,NA
"n464",1.95458,0,NA
"n465",1.92868,0,NA
"n466",1.635,0,NA
"n467",1.94878,0,NA
"n468",1.615,0,NA
"n469",1.48,0,NA
"n470",1.62,0,NA
"n471",1.594,0,NA
"n472",1.71056,0,NA
"n473",1.79107,0,NA
"n474",2.035,0,NA
"n475",1.83103,0,NA
"n476",1.66,0,NA
"n477",1.755,0,NA
"n478",1.73224,0,NA
"n479",1.76667,0,NA
"n480",1.59,0,NA
"n481",1.584,0,NA
"n482",1.695,0,NA
"n483",1.62,0,NA
"n484",1.81,0,NA
"n485",1.81948,0,NA
"n486",1.97,0,NA
"n487",1.84,0,NA
"n488",2.02,0,NA
"n489",1.71,0,NA
"n490",2.33,0,NA
"n491",1.655,0,NA
"n492",1.95,0,NA
"n493",1.72,0,NA
"n494",1.88667,0,NA
"n495",1.681,0,NA
"n496",1.58,0,NA
"n497",2.12519,0,NA
"n498",2.04524,0,NA
"n499",1.76833,0,NA
"n500",1.37636,0,NA
"n501",1.69929,0,NA
"n502",1.674,0,NA
"n503",1.6825,0,NA
"n504",1.96923,0,NA
"n505",1.85429,0,NA
"n506",1.72333,0,NA
"n507",1.595,0,NA
"n508",1.538,0,NA
"n509",1.49,0,NA
"n510",1.80445,0,NA
"n511",1.73333,0,NA
"n512",2.295,0,NA
"n513",1.8611,0,NA
"n514",1.92,0,NA
"n515",1.61,0,NA
"n516",1.6425,0,NA
"n517",1.76357,0,NA
"n518",1.64333,0,NA
"n519",1.85667,0,NA
"n520",1.67,0,NA
"n521",1.74,0,NA
"n522",1.65833,0,NA
"n523",1.715,0,NA
"n524",1.555,0,NA
"n525",1.51848,0,NA
"n526",1.808,0,NA
"n527",2.225,0,NA
"n528",1.205,0,NA
"n529",1.31707,0,NA
"n530",1.35868,0,NA
"n531",2.181,0,NA
"n532",1.57,0,NA
"n533",1.60167,0,NA
"n534",1.47333,0,NA
"n535",1.47,0,NA
"n536",0.91,0,NA
"n537",1.23833,0,NA
"n538",1.81177,0,NA
"n539",1.66,0,NA
"n540",1.175,0,NA
"n541",1.56852,0,NA
"n542",1.88,0,NA
"n543",1.82333,0,NA
"n544",1.75,0,NA
"n545",1.72,0,NA
"n546",1.635,0,NA
"n547",1.8,0,NA
"n548",1.60667,0,NA
"n549",1.57,0,NA
"n550",1.7275,0,NA
"n551",1.49,0,NA
"n552",1.75643,0,NA
"n553",1.5175,0,NA
"n554",1.77333,0,NA
"n555",1.895,0,NA
"n556",1.8125,0,NA
"n557",1.945,0,NA
"n558",1.8,0,NA
"n559",1.765,0,NA
"n560",1.59,0,NA
"n561",1.76333,0,NA
"n562",3.265,0,NA
"n563",3.12,0,NA
"n564",1.855,0,NA
"n565",1.57125,0,NA
"n566",1.5725,0,NA
"n567",2.805,0,NA
"n568",1.79122,0,NA
"n569",1.70714,0,NA
"n570",1.618,0,NA
"n571",1.4625,0,NA
"n572",1.66,0,NA
"n573",1.735,0,NA
"n574",3.0625,0,NA
"n575",2.424,0,NA
"n576",4.19,0,NA
"n577",2.815,0,NA
"n578",2.5,0,NA
"n579",1.75,0,NA
"n580",1.9,0,NA
"n581",2.17422,0,NA
"n582",3.105,0,NA
"n583",3.085,0,NA
"n584",2.205,0,NA
"n585",1.87,0,NA
"n586",1.96,0,NA
"n587",2.23,0,NA
"n588",2.2625,0,NA
"n589",2.62,0,NA
"n590",2.74364,0,NA
"n591",2.11,0,NA
"n592",2.2,0,NA
"n593",2.17333,0,NA
"n594",1.72,0,NA
"n595",2.37,0,NA
"n596",1.65805,0,NA
"n597",1.86,0,NA
"n598",1.84,0,NA
"n599",2.1,0,NA
"n600",3.145,0,NA
"n601",3.1,0,NA
"n602",2.31,0,NA
"n603",3.165,0,NA
"n604",2.1375,0,NA
"n605",2.155,0,NA
"n606",2.59,0,NA
"n607",3.17,0,NA
"n608",4.185,0,NA
"n609",3.1425,0,NA
"n610",3.13,0,NA
"n611",4.08875,0,NA
"n612",4.255,0,NA
"n613",4.27667,0,NA
"n614",3.205,0,NA
"n615",3.145,0,NA
"n616",3.0675,0,NA
"n617",2.71,0,NA
"n618",3.16,0,NA
"n619",4,0,NA
"n620",3.96,0,NA
"n621",3.9625,0,NA
"n622",4.13333,0,NA
"n623",4.17,0,NA
"n624",3.1,0,NA
"n625",3.185,0,NA
"n626",4,0,NA
"n627",2.54333,0,NA
"n628",4.09,0,NA
"n629",4.16,0,NA
"n630",3.128,0,NA
"n631",2.28909,0,NA
"n632",2.6775,0,NA
"n633",2.715,0,NA
"n634",3.14387,0,NA
"n635",3.8425,0,NA
"n636",3.9,0,NA
"n637",2.6075,0,NA
"n638",3.89,0,NA
"n639",3.8,0,NA
"n640",4.02667,0,NA
"n641",3.49,0,NA
"n642",3.88667,0,NA
"n643",3.9675,0,NA
"n644",2.7625,0,NA
"n645",3.49,0,NA
"n646",3.93667,0,NA
"n647",3.97,0,NA
"n648",1.62,0,NA
"n649",2.77,0,NA
"n650",2.29,0,NA
"n651",2.2925,0,NA
"n652",4.1225,0,NA
"n653",3.93222,0,NA
"n654",3.855,0,NA
"n655",1.56,0,NA
"n656",2.42,0,NA
"n657",2.35,0,NA
"n658",2.245,0,NA
"n659",2.725,0,NA
"n660",2.31154,0,NA
"n661",4.15,0,NA
"n662",4.31,0,NA
"n663",2.75,0,NA
"n664",1.70667,0,NA
"n665",2.20667,0,NA
"n666",2.34,0,NA
"n667",3.99,0,NA
"n668",3.876,0,NA
"n669",3.9175,0,NA
"n670",4.16,0,NA
"n671",4.27,0,NA
"n672",4.13,0,NA
"n673",3.88,0,NA
"n674",4.07,0,NA
"n675",3.9075,0,NA
"n676",3.93556,0,NA
"n677",3.895,0,NA
"n678",3.97,0,NA
"n679",4.23,0,NA
"n680",4.05034,0,NA
"n681",4.06,0,NA
"n682",4.082,0,NA
"n683",3.98187,0,NA
"n684",2.07,0,NA
"n685",1.94333,0,NA
"n686",2.075,0,NA
"n687",1.995,0,NA
"n688",2.05,0,NA
"n689",1.87,0,NA
"n690",2.42,0,NA
"n691",1.8125,0,NA
"n692",2.0225,0,NA
"n693",3.25,0,NA
"n694",4.215,0,NA
"n695",4.024,0,NA
"n696",2.71,0,NA
"n697",4.08667,0,NA
"n698",3.98437,0,NA
"n699",3.99983,0,NA
"n700",4.205,0,NA
"n701",4.05171,0,NA
"n702",4.19,0,NA
"n703",4.13235,0,NA
"n704",4.08,0,NA
"n705",3.9775,0,NA
"n706",4.05,0,NA
"n707",4.32533,0,NA
"n708",4.23,0,NA
"n709",4.15,0,NA
"n710",4.12643,0,NA
"n711",4.3397,0,NA
"n712",4.198,0,NA
"n713",4.2225,0,NA
"n714",4.072,0,NA
"n715",4.125,0,NA
"n716",2.89,0,NA
"n717",4.24,0,NA
"n718",4.29,0,NA
"n719",3.864,0,NA
"n720",4.035,0,NA
"n721",3.955,0,NA
"n722",3.86333,0,NA
"n723",3.8525,0,NA
"n724",4.06,0,NA
"n725",3.9775,0,NA
"n726",4.05171,0,NA
"n727",3.385,0,NA
"n728",3.62625,0,NA
"n729",3.565,0,NA
"n730",3.51,0,NA
"n731",3.498,0,NA
"n732",3.53667,0,NA
"n733",3.54667,0,NA
"n734",3.51571,0,NA
"n735",2.144,0,NA
"n736",3.72,0,NA
"n737",4.363,0,NA
"n738",3.766,0,NA
"n739",4.02,0,NA
"n740",4.04,0,NA
"n741",3.355,0,NA
"n742",1.85697,0,NA
"n743",1.80333,0,NA
"n744",2.27333,0,NA
"n745",2.2304,0,NA
"n746",2.2,0,NA
"n747",1.73,0,NA
"n748",3.955,0,NA
"n749",1.645,0,NA
"n750",2.5,0,NA
"n751",2.24429,0,NA
"n752",1.89729,0,NA
"n753",1.75,0,NA
"n754",2.04,0,NA
"n755",4.07,0,NA
"n756",4.75429,0,NA
"n757",3.99,0,NA
"n758",4.04,0,NA
"n759",3.74,0,NA
"n760",3.76,0,NA
"n761",3.62,0,NA
"n762",3.53,0,NA
"n763",3.88,0,NA
"n764",4.1,0,NA
"n765",3.6375,0,NA
"n766",3.78,0,NA
"n767",4.13,0,NA
"n768",3.89,0,NA
"n769",3.49,0,NA
"n770",3.58,0,NA
"n771",3.665,0,NA
"n772",3.65667,0,NA
"n773",4.365,0,NA
"n774",3.74667,0,NA
"n775",2.57,0,NA
"n776",2.125,0,NA
"n777",2.31035,0,NA
"n778",2.22,0,NA
"n779",2.35375,0,NA
"n780",2.04,0,NA
"n781",3.53,0,NA
"n782",3.93,0,NA
"n783",3.86,0,NA
"n784",3.56,0,NA
"n785",3.54652,0,NA
"n786",3.5968,0,NA
"n787",4.94,0,NA
"n788",4.96333,0,NA
"n789",3.555,0,NA
"n790",4.99,0,NA
"n791",1.6725,0,NA
"n792",4.04,0,NA
"n793",4.19,0,NA
"n794",5.04041,0,NA
"n795",4.97,0,NA
"n796",5.03,0,NA
"n797",4.62107,0,NA
"n798",5.11,0,NA
"n799",4.69789,0,NA
"n800",4.9075,0,NA
"n801",4.925,0,NA
"n802",4.99,0,NA
"n803",2.19,0,NA
"n804",1.97,0,NA
"n805",1.94235,0,NA
"n806",1.68375,0,NA
"n807",1.6075,0,NA
"n808",4.32,0,NA
"n809",4.57,0,NA
"n810",4.49956,0,NA
"n811",4.516,0,NA
"n812",4.41,0,NA
"n813",4.35,0,NA
"n814",4.36,0,NA
"n815",4.35823,0,NA
"n816",3.81417,0,NA
"n817",3.93516,0,NA
"n818",3.91,0,NA
"n819",4.1,0,NA
"n820",4.23106,0,NA
"n821",4.39554,0,NA
"n822",4.54,0,NA
"n823",4.33,0,NA
"n824",4.54,0,NA
"n825",1.82,0,NA
"n826",3.95,0,NA
"n827",4.61,0,NA
"n828",7.37,0,NA
"n829",7.29,0,NA
"n830",7.27333,0,NA
"n831",6.915,0,NA
"n832",6.45947,0,NA
"n833",3.265,0,NA
"n834",3.03,0,NA
"n835",2.65,0,NA
"n836",3.385,0,NA
"n837",3.43,0,NA
"n838",3.25,0,NA
"n839",3.2925,0,NA
"n840",3.58,0,NA
"n841",4.13904,0,NA
"n842",4.30048,0,NA
"n843",5.765,0,NA
"n844",6.05858,0,NA
"n845",6.29,0,NA
"n846",6.265,0,NA
"n847",6.4,0,NA
"n848",6.31,0,NA
"n849",6.46103,0,NA
"n850",6.35,0,NA
"n851",6.65059,0,NA
"n852",6.55467,0,NA
"n853",3.87744,0,NA
"n854",4.48566,0,NA
"n855",3.64135,0,NA
"n856",3.52892,0,NA
"n857",3.59474,0,NA
"n858",3.64937,0,NA
"n859",3.57213,0,NA
"n860",3.74963,0,NA
"n861",3.76828,0,NA
"n862",3.73521,0,NA
"n863",3.75511,0,NA
"n864",3.74173,0,NA
"n865",3.66745,0,NA
"n866",3.62303,0,NA
"n867",3.7919,0,NA
"n868",3.70336,0,NA
"n869",3.80271,0,NA
"n870",3.79393,0,NA
"n871",3.84173,0,NA
"n872",3.78731,0,NA
"n873",3.78074,0,NA
"n874",3.79556,0,NA
"n875",7.55471,0,NA
"n876",7.28459,0,NA
"n877",7.38368,0,NA
"n878",7.38964,0,NA
"n879",7.38221,0,NA
"n880",7.64547,0,NA
"n881",7.92465,0,NA
"n882",8.34285,0,NA
"n883",8.5799,0,NA
"n884",6.20367,0,NA
"n885",5.41874,0,NA
"n886",5.42508,0,NA
"n887",7.45619,0,NA
"n888",7.20974,0,NA
"n889",7.19525,0,NA
"n890",7.23354,0,NA
"n891",7.36759,0,NA
"n892",7.38745,0,NA
"n893",7.35694,0,NA
"n894",7.5003,0,NA
"n895",7.86994,0,NA
"n896",8.20187,0,NA
"n897",8.62546,0,NA
"n898",8.69712,0,NA
"n899",8.65664,0,NA
"n900",8.32001,0,NA
"n901",7.74903,0,NA
"n902",6.86916,0,NA
"n903",6.12165,0,NA
"n904",5.53712,0,NA
"n905",5.26692,0,NA
"n906",5.31872,0,NA
"n907",3.97224,0,NA
"n908",4.52157,0,NA
"n909",4.17187,0,NA
"n910",4.26348,0,NA
"n911",4.4491,0,NA
"n912",5.1031,0,NA
"n913",5.45043,0,NA
"n914",5.5471,0,NA
"n915",5.48136,0,NA
"n916",5.42212,0,NA
"n917",5.37394,0,NA
"n918",5.50776,0,NA
"n919",5.50776,0,NA
"n920",5.43807,0,NA
"n921",5.03997,0,NA
"n922",4.29744,0,NA
"n923",4.35183,0,NA
"n924",4.56328,0,NA
"n925",4.77945,0,NA
"n926",4.54069,0,NA
"n927",4.37065,0,NA
"n928",4.39956,0,NA
"n929",7.84643,0,NA
"n930",7.89431,0,NA
"n931",7.89418,0,NA
"n932",8.75448,0,NA
"n933",8.41747,0,NA
"n934",8.17022,0,NA
"n935",8.33716,0,NA
"n936",9.06202,0,NA
"n937",4.12981,0,NA
"n938",3.7872,0,NA
"n939",4.48175,0,NA
"n940",4.36618,0,NA
"n941",4.38444,0,NA
"n942",4.44397,0,NA
"n943",3.85578,0,NA
"n944",4.57204,0,NA
"n945",4.58976,0,NA
"n946",7.81689,0,NA
"n947",8.18043,0,NA
"n948",8.52498,0,NA
"n949",8.55307,0,NA
"n950",8.53859,0,NA
"n951",8.60084,0,NA
"n952",8.52057,0,NA
"n953",8.56911,0,NA
"n954",8.48693,0,NA
"n955",6.53523,0,NA
"n956",6.31331,0,NA
"n957",6.78762,0,NA
"n958",7.96429,0,NA
"n959",7.98406,0,NA
"n960",8.01625,0,NA
"n961",8.54995,0,NA
"n962",8.56365,0,NA
"n963",8.5753,0,NA
"n964",8.60515,0,NA
"n965",8.15658,0,NA
"n966",7.99649,0,NA
"n967",7.92979,0,NA
"n968",7.97607,0,NA
"n969",8.19174,0,NA
"n970",8.58257,0,NA
"n971",8.77982,0,NA
"n972",8.71632,0,NA
"n973",8.79714,0,NA
"n974",8.66928,0,NA
"n975",8.81446,0,NA
"n976",8.59241,0,NA
"n977",8.73953,0,NA
"n978",8.80415,0,NA
"n979",8.14305,0,NA
"n980",8.18387,0,NA
"n981",8.79201,0,NA
"n982",8.52009,0,NA
"n983",8.5959,0,NA
"n984",8.33066,0,NA
"n985",7.84399,0,NA
"n986",8.11066,0,NA
"n987",8.08353,0,NA
"n988",7.96402,0,NA
"n989",7.93062,0,NA
"n990",8.22969,0,NA
"n991",8.18397,0,NA
"n992",8.18893,0,NA
"n993",8.22891,0,NA
"n994",8.2293,0,NA
"n995",8.21421,0,NA
"n996",7.39574,0,NA
"n997",8.62992,0,NA
"n998",7.851,0,NA
"n999",7.9181,0,NA
"n1000",8.16747,0,NA
"n1001",8.02765,0,NA
"n1002",7.95897,0,NA
"n1003",8.24017,0,NA
"n1004",7.38986,0,NA
"n1005",8.49814,0,NA
"n1006",8.76988,0,NA
"n1007",8.79632,0,NA
"n1008",8.78857,0,NA
"n1009",8.91941,0,NA
"n1010",8.43935,0,NA
"n1011",8.18729,0,NA
"n1012",7.83483,0,NA
"n1013",7.43804,0,NA
"n1014",7.20467,0,NA
"n1015",7.1736,0,NA
"n1016",7.28019,0,NA
"n1017",7.37865,0,NA
"n1018",7.30936,0,NA
"n1019",7.28797,0,NA
"n1020",7.82523,0,NA
"n1021",7.18631,0,NA
"n1022",7.27768,0,NA
"n1023",7.53861,0,NA
"n1024",7.42064,0,NA
"n1025",7.48228,0,NA
"n1026",7.44123,0,NA
"n1027",7.44278,0,NA
"n1028",7.58517,0,NA
"n1029",7.64077,0,NA
"n1030",7.21293,0,NA
"n1031",7.62136,0,NA
"n1032",7.47735,0,NA
"n1033",7.37253,0,NA
"n1034",7.70636,0,NA
"n1035",7.04182,0,NA
"n1036",7.16771,0,NA
"n1037",7.12622,0,NA
"n1038",7.21197,0,NA
"n1039",7.32566,0,NA
"n1040",7.34832,0,NA
"n1041",7.41007,0,NA
"n1042",7.38376,0,NA
"n1043",7.41545,0,NA
"n1044",7.54658,0,NA
"n1045",7.07355,0,NA
"n1046",7.613,0,NA
"n1047",7.78812,0,NA
"n1048",8.06082,0,NA
"n1049",8.1171,0,NA
"n1050",8.42828,0,NA
"n1051",8.61036,0,NA
"n1052",8.43394,0,NA
"n1053",8.379,0,NA
"n1054",8.17271,0,NA
"n1055",8.10149,0,NA
"n1056",8.0327,0,NA
"n1057",8.09943,0,NA
"n1058",8.10752,0,NA
"n1059",8.42773,0,NA
"n1060",8.39783,0,NA
"n1061",8.72514,0,NA
"n1062",8.64956,0,NA
"n1063",8.41366,0,NA
"n1064",8.46988,0,NA
"n1065",6.87659,0,NA
"n1066",7.32193,0,NA
"n1067",7.39019,0,NA
"n1068",8.04,0,NA
"n1069",8.15833,0,NA
"n1070",8.57571,0,NA
"n1071",7.8,0,NA
"n1072",8.54205,0,NA
"n1073",6.78283,0,NA
"n1074",7.04063,0,NA
"n1075",7.13542,0,NA
"n1076",7.16847,0,NA
"n1077",7.07889,0,NA
"n1078",7.98003,0,NA
"n1079",7.77566,0,NA
"n1080",7.41,0,NA
"n1081",7.60481,0,NA
"n1082",7.41,0,NA
"n1083",7.43119,0,NA
"n1084",7.13918,0,NA
"n1085",7.04347,0,NA
"n1086",7.08632,0,NA
"n1087",7.50951,0,NA
"n1088",8.13796,0,NA
"n1089",8.64302,0,NA
"n1090",7.99527,0,NA
"n1091",6.74845,0,NA
"n1092",7.05713,0,NA
"n1093",7.18823,0,NA
"n1094",7.87,0,NA
"n1095",8.03,0,NA
"n1096",8.05,0,NA
"n1097",7.345,0,NA
"n1098",7.40667,0,NA
"n1099",7.575,0,NA
"n1100",7.6,0,NA
"n1101",8.01,0,NA
"n1102",6.005,0,NA
"n1103",7.88714,0,NA
"n1104",7.525,0,NA
"n1105",7.14643,0,NA
"n1106",7.74333,0,NA
"n1107",7.19,0,NA
"n1108",8.1276,0,NA
"n1109",7.77,0,NA
"n1110",7.795,0,NA
"n1111",7.74,0,NA
"n1112",7.14514,0,NA
"n1113",6.95589,0,NA
"n1114",6.9228,0,NA
"n1115",7.28697,0,NA
"n1116",7.12226,0,NA
"n1117",8.47675,0,NA
"n1118",7.55235,0,NA
"n1119",7.68063,0,NA
"n1120",7.98331,0,NA
"n1121",8.23192,0,NA
"n1122",8.60563,0,NA
"n1123",8.96377,0,NA
"n1124",8.89825,0,NA
"n1125",7.64,0,NA
"n1126",8.38,0,NA
"n1127",7.63815,0,NA
"n1128",6.41,0,NA
"n1129",5.87723,0,NA
"n1130",6.18,0,NA
"n1131",7.36,0,NA
"n1132",7.44663,0,NA
"n1133",7.39007,0,NA
"n1134",7.37,0,NA
"n1135",7.25,0,NA
"n1136",7.10265,0,NA
"n1137",7.74,0,NA
"n1138",7.66,0,NA
"n1139",8.78805,0,NA
"n1140",8.84963,0,NA
"n1141",7.38746,0,NA
"n1142",7.21841,0,NA
"n1143",6.97362,0,NA
"n1144",7.01515,0,NA
"n1145",7.08338,0,NA
"n1146",8.04,0,NA
"n1147",6.35333,0,NA
"n1148",8.41,0,NA
"n1149",7.815,0,NA
"n1150",8.35795,0,NA
"n1151",8.04,0,NA
"n1152",8.72864,0,NA
"n1153",8.76814,0,NA
"n1154",8.61412,0,NA
"n1155",15.66687,0,NA
"n1156",39.17154,0,NA
"n1157",10.101,0,NA
"n1158",9.60116,0,NA
"n1159",9.45445,0,NA
"n1160",10.07677,0,NA
"n1161",39.13331,0,NA
"n1162",10.11707,0,NA
"n1163",10.97919,0,NA
"n1164",11.34128,0,NA
"n1165",11.45493,0,NA
"n1166",11.42766,0,NA
"n1167",11.35982,0,NA
"n1168",10.97745,0,NA
"n1169",11.22276,0,NA
"n1170",10.41146,0,NA
"n1171",10.13453,0,NA
"n1172",10.24145,0,NA
"n1173",11.36971,0,NA
"n1174",9.61203,0,NA
"n1175",10.35489,0,NA
"n1176",10.99977,0,NA
"n1177",10.55185,0,NA
"n1178",10.52011,0,NA
"n1179",9.47183,0,NA
"n1180",9.82179,0,NA
"n1181",8.87627,0,NA
"n1182",10.99823,0,NA
"n1183",11.47668,0,NA
"n1184",11.66176,0,NA
"n1185",11.24975,0,NA
"n1186",39.28019,0,NA
"n1187",37.01243,0,NA
"n1188",7.74,0,NA
"n1189",1.89667,0,NA
"n1190",2.325,0,NA
"n1191",1.9375,0,NA
"n1192",1.91,0,NA
"n1193",1.9,0,NA
"n1194",2.20941,0,NA
"n1195",2.305,0,NA
"n1196",2.39,0,NA
"n1197",2.34762,0,NA
"n1198",1.43,0,NA
"n1199",0.82133,0,NA
"n1200",1.84556,0,NA
"n1201",1.77,0,NA
"n1202",1.585,0,NA
"n1203",1.65,0,NA
"n1204",2.148,0,NA
"n1205",2.11344,0,NA
"n1206",4.86,0,NA
"n1207",2.41,0,NA
"n1208",2.33321,0,NA
"n1209",2.172,0,NA
"n1210",1.76528,0,NA
"n1211",1.71107,0,NA
"n1212",1.6,0,NA
"n1213",2.4825,0,NA
"n1214",2.38,0,NA
"n1215",2.37889,0,NA
"n1216",2.97,0,NA
"n1217",3.1,0,NA
"n1218",6.35333,0,NA
"n1219",7.115,0,NA
"n1220",7.145,0,NA
"n1221",7.2125,0,NA
"n1222",7.04846,0,NA
"n1223",2.4425,0,NA
"n1224",2.088,0,NA
"n1225",2.27888,0,NA
"n1226",2.275,0,NA
"n1227",1.69,0,NA
"n1228",1.63714,0,NA
"n1229",2.05,0,NA
"n1230",2.34472,0,NA
"n1231",2.11555,0,NA
"n1232",1.64071,0,NA
"n1233",1.58,0,NA
"n1234",1.795,0,NA
"n1235",1.95,0,NA
"n1236",1.70962,0,NA
"n1237",1.65,0,NA
"n1238",2.05,0,NA
"n1239",1.68844,0,NA
"n1240",2.06016,0,NA
"n1241",1.66,0,NA
"n1242",2.32932,0,NA
"n1243",1.745,0,NA
"n1244",1.58,0,NA
"n1245",1.654,0,NA
"n1246",1.67273,0,NA
"n1247",1.735,0,NA
"n1248",2.22,0,NA
"n1249",2.36,0,NA
"n1250",2.22978,0,NA
"n1251",1.97815,0,NA
"n1252",2.17,0,NA
"n1253",2.23,0,NA
"n1254",1.53645,0,NA
"n1255",2.24556,0,NA
"n1256",1.96,0,NA
"n1257",2.61586,0,NA
"n1258",2.55821,0,NA
"n1259",2.656,0,NA
"n1260",4.07229,0,NA
"n1261",3.69474,0,NA
"n1262",3.24429,0,NA
"n1263",2.32,0,NA
"n1264",2.34477,0,NA
"n1265",2.24,0,NA
"n1266",2.60427,0,NA
"n1267",2.71,0,NA
"n1268",2.45,0,NA
"n1269",2.43983,0,NA
"n1270",2.6,0,NA
"n1271",2.80401,0,NA
"n1272",2.74,0,NA
"n1273",2.82,0,NA
"n1274",1.82,0,NA
"n1275",2.1,0,NA
"n1276",2.17,0,NA
"n1277",1.645,0,NA
"n1278",2.10333,0,NA
"n1279",2.255,0,NA
"n1280",0.62848,0,NA
"n1281",2.22,0,NA
"n1282",2.25191,0,NA
"n1283",1.56,0,NA
"n1284",1.985,0,NA
"n1285",0.61714,0,NA
"n1286",0.66571,0,NA
"n1287",2.02,0,NA
"n1288",3.985,0,NA
"n1289",2.095,0,NA
"n1290",3.36333,0,NA
"n1291",2.91465,0,NA
"n1292",2.84382,0,NA
"n1293",2.60667,0,NA
"n1294",3.98667,0,NA
"n1295",2.15,0,NA
"n1296",0.55,0,NA
"n1297",1.93,0,NA
"n1298",6.13311,0,NA
"n1299",9.02,0,NA
"n1300",8.785,0,NA
"n1301",7.86258,0,NA
"n1302",2.965,0,NA
"n1303",7.84,0,NA
"n1304",7.67948,0,NA
"n1305",7.165,0,NA
"n1306",5.68488,0,NA
"n1307",4.92,0,NA
"n1308",4.4,0,NA
"n1309",6.44333,0,NA
"n1310",7.055,0,NA
"n1311",7.63,0,NA
"n1312",8.19667,0,NA
"n1313",8.8,0,NA
"n1314",3.1625,0,NA
"n1315",2.475,0,NA
"n1316",8.8,0,NA
"n1317",9.25452,0,NA
"n1318",8.56,0,NA
"n1319",8.88,0,NA
"n1320",8.57,0,NA
"n1321",9.21,0,NA
"n1322",9.075,0,NA
"n1323",8.66,0,NA
"n1324",8.04,0,NA
"n1325",7.45,0,NA
"n1326",8.62,0,NA
"n1327",6.3703,0,NA
"n1328",5.33,0,NA
"n1329",8.12081,0,NA
"n1330",8.51544,0,NA
"n1331",8.188,0,NA
"n1332",8.32,0,NA
"n1333",8.125,0,NA
"n1334",8.16,0,NA
"n1335",8.26,0,NA
"n1336",8.045,0,NA
"n1337",5.2175,0,NA
"n1338",5.54,0,NA
"n1339",5.88757,0,NA
"n1340",8.0375,0,NA
"n1341",6.33,0,NA
"n1342",6.95089,0,NA
"n1343",8.03,0,NA
"n1344",7.995,0,NA
"n1345",8.24,0,NA
"n1346",8.01,0,NA
"n1347",8.31167,0,NA
"n1348",8.13,0,NA
"n1349",7.7,0,NA
"n1350",8.195,0,NA
"n1351",7.50666,0,NA
"n1352",7.31,0,NA
"n1353",7.55,0,NA
"n1354",7.45322,0,NA
"n1355",7.71,0,NA
"n1356",8.11,0,NA
"n1357",8.22,0,NA
"n1358",5.65,0,NA
"n1359",5.38646,0,NA
"n1360",5.47667,0,NA
"n1361",5.17,0,NA
"n1362",4.83125,0,NA
"n1363",5.01333,0,NA
"n1364",6.4125,0,NA
"n1365",7.34,0,NA
"n1366",6.34222,0,NA
"n1367",6.14,0,NA
"n1368",7.03777,0,NA
"n1369",7.15292,0,NA
"n1370",7.03,0,NA
"n1371",7.195,0,NA
"n1372",6.135,0,NA
"n1373",6.19,0,NA
"n1374",6.19,0,NA
"n1375",6.82942,0,NA
"n1376",7.38,0,NA
"n1377",7.34,0,NA
"n1378",7.066,0,NA
"n1379",6.95982,0,NA
"n1380",7.4,0,NA
"n1381",7.21845,0,NA
"n1382",7.30505,0,NA
"n1383",7.14,0,NA
"n1384",7.39111,0,NA
"n1385",7.21,0,NA
"n1386",7.26625,0,NA
"n1387",6.64346,0,NA
"n1388",6.53667,0,NA
"n1389",6.00433,0,NA
"n1390",5.984,0,NA
"n1391",6.15,0,NA
"n1392",6.87009,0,NA
"n1393",7.775,0,NA
"n1394",7.62,0,NA
"n1395",6.93,0,NA
"n1396",6.39,0,NA
"n1397",6.576,0,NA
"n1398",6.97,0,NA
"n1399",6.9425,0,NA
"n1400",6.84,0,NA
"n1401",7.42,0,NA
"n1402",6.82,0,NA
"n1403",6.6,0,NA
"n1404",5.75333,0,NA
"n1405",3.295,0,NA
"n1406",7.27,0,NA
"n1407",7.312,0,NA
"n1408",7.33333,0,NA
"n1409",7.385,0,NA
"n1410",7.6,0,NA
"n1411",7.44,0,NA
"n1412",7.4,0,NA
"n1413",3.52,0,NA
"n1414",4.12333,0,NA
"n1415",4.73667,0,NA
"n1416",5.42224,0,NA
"n1417",5.98,0,NA
"n1418",3.96,0,NA
"n1419",5.445,0,NA
"n1420",2.692,0,NA
"n1421",3.67,0,NA
"n1422",7.24714,0,NA
"n1423",7.217,0,NA
"n1424",6.53667,0,NA
"n1425",6.43,0,NA
"n1426",5.57,0,NA
"n1427",5.26706,0,NA
"n1428",5.16142,0,NA
"n1429",5.37119,0,NA
"n1430",7.0125,0,NA
"n1431",7.285,0,NA
"n1432",7.265,0,NA
"n1433",7.4025,0,NA
"n1434",3.85,0,NA
"n1435",4.8,0,NA
"n1436",4.5,0,NA
"n1437",6.31,0,NA
"n1438",6.17417,0,NA
"n1439",5.19828,0,NA
"n1440",5.02,0,NA
"n1441",4.635,0,NA
"n1442",4.6227,0,NA
"n1443",4.67128,0,NA
"n1444",4.95941,0,NA
"n1445",5.21174,0,NA
"n1446",5.48222,0,NA
"n1447",6.07605,0,NA
"n1448",6.9,0,NA
"n1449",4.65034,0,NA
"n1450",6.76193,0,NA
"n1451",7.025,0,NA
"n1452",7.22,0,NA
"n1453",7.275,0,NA
"n1454",6.865,0,NA
"n1455",7.01,0,NA
"n1456",7.0075,0,NA
"n1457",6.87,0,NA
"n1458",6.9925,0,NA
"n1459",7.04,0,NA
"n1460",7.245,0,NA
"n1461",7.32,0,NA
"n1462",7.665,0,NA
"n1463",5.09465,0,NA
"n1464",7.6318,0,NA
"n1465",7.74,0,NA
"n1466",7.70667,0,NA
"n1467",7.9,0,NA
"n1468",7.22,0,NA
"n1469",6.92,0,NA
"n1470",7.105,0,NA
"n1471",6.825,0,NA
"n1472",6.92,0,NA
"n1473",4.88989,0,NA
"n1474",4.74926,0,NA
"n1475",3.525,0,NA
"n1476",3.14709,0,NA
"n1477",3.146,0,NA
"n1478",3.09,0,NA
"n1479",4.97,0,NA
"n1480",2.1,0,NA
"n1481",2.13,0,NA
"n1482",1.76751,0,NA
"n1483",1.67667,0,NA
"n1484",1.63,0,NA
"n1485",1.66667,0,NA
"n1486",1.8,0,NA
"n1487",1.5,0,NA
"n1488",1.97815,0,NA
"n1489",2.14,0,NA
"n1490",2.46936,0,NA
"n1491",2.22333,0,NA
"n1492",2.405,0,NA
"n1493",2.065,0,NA
"n1494",1.73,0,NA
"n1495",2.32,0,NA
"n1496",2.455,0,NA
"n1497",2.19,0,NA
"n1498",1.62385,0,NA
"n1499",2.07,0,NA
"n1500",1.72,0,NA
"n1501",1.62664,0,NA
"n1502",1.615,0,NA
"n1503",2.39,0,NA
"n1504",2.435,0,NA
"n1505",2.075,0,NA
"n1506",1.71,0,NA
"n1507",2.09,0,NA
"n1508",1.62,0,NA
"n1509",1.54,0,NA
"n1510",1.85,0,NA
"n1511",2.33458,0,NA
"n1512",2.04,0,NA
"n1513",2.25,0,NA
"n1514",2.0775,0,NA
"n1515",2.35,0,NA
"n1516",2.44333,0,NA
"n1517",2.44,0,NA
"n1518",2.44167,0,NA
"n1519",2.01984,0,NA
"n1520",1.615,0,NA
"n1521",1.455,0,NA
"n1522",1.675,0,NA
"n1523",2.57556,0,NA
"n1524",2.42,0,NA
"n1525",1.64125,0,NA
"n1526",1.55,0,NA
"n1527",1.69,0,NA
"n1528",1.7875,0,NA
"n1529",1.7375,0,NA
"n1530",1.808,0,NA
"n1531",1.58833,0,NA
"n1532",2.02,0,NA
"n1533",1.845,0,NA
"n1534",1.795,0,NA
"n1535",2.23,0,NA
"n1536",1.5075,0,NA
"n1537",1.85,0,NA
"n1538",1.86,0,NA
"n1539",1.97071,0,NA
"n1540",1.65,0,NA
"n1541",1.77778,0,NA
"n1542",1.882,0,NA
"n1543",2.40704,0,NA
"n1544",2.39,0,NA
"n1545",4.025,0,NA
"n1546",1.99,0,NA
"n1547",2.09,0,NA
"n1548",2.264,0,NA
"n1549",1.945,0,NA
"n1550",1.96,0,NA
"n1551",2.0825,0,NA
"n1552",2.06455,0,NA
"n1553",1.665,0,NA
"n1554",2.57849,0,NA
"n1555",2.35667,0,NA
"n1556",2.38937,0,NA
"n1557",2.415,0,NA
"n1558",2.14667,0,NA
"n1559",2.22376,0,NA
"n1560",1.725,0,NA
"n1561",2.0925,0,NA
"n1562",2.2125,0,NA
"n1563",2.17667,0,NA
"n1564",2.15333,0,NA
"n1565",2.06091,0,NA
"n1566",2.3,0,NA
"n1567",1.8575,0,NA
"n1568",1.53,0,NA
"n1569",1.63,0,NA
"n1570",2.03333,0,NA
"n1571",2.294,0,NA
"n1572",2.32,0,NA
"n1573",2.125,0,NA
"n1574",1.40667,0,NA
"n1575",1.49,0,NA
"n1576",1.82,0,NA
"n1577",2.125,0,NA
"n1578",2.01003,0,NA
"n1579",2.23059,0,NA
"n1580",1.99184,0,NA
"n1581",2.31333,0,NA
"n1582",2.13,0,NA
"n1583",2.03,0,NA
"n1584",2.575,0,NA
"n1585",2.22641,0,NA
"n1586",2.4225,0,NA
"n1587",2.315,0,NA
"n1588",2.17,0,NA
"n1589",2.06,0,NA
"n1590",2.11375,0,NA
"n1591",2.06,0,NA
"n1592",2.32,0,NA
"n1593",2.27833,0,NA
"n1594",2.32,0,NA
"n1595",2.43,0,NA
"n1596",2.485,0,NA
"n1597",2.49,0,NA
"n1598",2.51953,0,NA
"n1599",2.57,0,NA
"n1600",2.37007,0,NA
"n1601",2.23,0,NA
"n1602",2.07,0,NA
"n1603",2.11,0,NA
"n1604",2.215,0,NA
"n1605",3.03,0,NA
"n1606",3.29,0,NA
"n1607",2.65,0,NA
"n1608",2.04,0,NA
"n1609",2.17,0,NA
"n1610",2.2175,0,NA
"n1611",2.81382,0,NA
"n1612",2.61,0,NA
"n1613",2.794,0,NA
"n1614",2.97,0,NA
"n1615",2.92,0,NA
"n1616",2.78611,0,NA
"n1617",3.31,0,NA
"n1618",3.13667,0,NA
"n1619",2.98,0,NA
"n1620",2.98208,0,NA
"n1621",3.28,0,NA
"n1622",3.165,0,NA
"n1623",3.24215,0,NA
"n1624",2.986,0,NA
"n1625",3.21192,0,NA
"n1626",3.655,0,NA
"n1627",3.1425,0,NA
"n1628",3.00727,0,NA
"n1629",2.4,0,NA
"n1630",2.28,0,NA
"n1631",2.82,0,NA
"n1632",2.2179,0,NA
"n1633",3.47591,0,NA
"n1634",3.29,0,NA
"n1635",3.43437,0,NA
"n1636",2.78,0,NA
"n1637",2.45176,0,NA
"n1638",3.802,0,NA
"n1639",3.29567,0,NA
"n1640",2.41,0,NA
"n1641",3.78,0,NA
"n1642",2.45583,0,NA
"n1643",2.96,0,NA
"n1644",2.97259,0,NA
"n1645",2.32827,0,NA
"n1646",3.11,0,NA
"n1647",2.92,0,NA
"n1648",2.885,0,NA
"n1649",3.04125,0,NA
"n1650",3.13,0,NA
"n1651",3.28167,0,NA
"n1652",3.445,0,NA
"n1653",3.53032,0,NA
"n1654",2.66,0,NA
"n1655",3.31729,0,NA
"n1656",3.18293,0,NA
"n1657",3.488,0,NA
"n1658",3.63882,0,NA
"n1659",3.2809,0,NA
"n1660",3.23,0,NA
"n1661",3.38353,0,NA
"n1662",3.31,0,NA
"n1663",3.41,0,NA
"n1664",3.01625,0,NA
"n1665",4.008,0,NA
"n1666",5.5176,0,NA
"n1667",2.36333,0,NA
"n1668",3.47,0,NA
"n1669",3.59284,0,NA
"n1670",3.17,0,NA
"n1671",2.638,0,NA
"n1672",2.4,0,NA
"n1673",2.27,0,NA
"n1674",3.71318,0,NA
"n1675",2.3975,0,NA
"n1676",2.175,0,NA
"n1677",2.07,0,NA
"n1678",2.43,0,NA
"n1679",2.95667,0,NA
"n1680",7.745,0,NA
"n1681",7.705,0,NA
"n1682",6.88378,0,NA
"n1683",7.4,0,NA
"n1684",7.63429,0,NA
"n1685",6.4025,0,NA
"n1686",6.265,0,NA
"n1687",4.86,0,NA
"n1688",5.11333,0,NA
"n1689",7.67,0,NA
"n1690",7.80333,0,NA
"n1691",7.768,0,NA
"n1692",7.36,0,NA
"n1693",7.66412,0,NA
"n1694",7.1,0,NA
"n1695",6.55023,0,NA
"n1696",5.23789,0,NA
"n1697",5.22,0,NA
"n1698",4.7775,0,NA
"n1699",4.3864,0,NA
"n1700",5.25,0,NA
"n1701",4.58699,0,NA
"n1702",4.55,0,NA
"n1703",4.59,0,NA
"n1704",4.61826,0,NA
"n1705",4.52,0,NA
"n1706",4.562,0,NA
"n1707",4.47,0,NA
"n1708",4.46266,0,NA
"n1709",4.50776,0,NA
"n1710",4.64203,0,NA
"n1711",4.57101,0,NA
"n1712",4.69936,0,NA
"n1713",5.27009,0,NA
"n1714",5.05,0,NA
"n1715",4.86849,0,NA
"n1716",4.67106,0,NA
"n1717",4.65,0,NA
"n1718",5.24994,0,NA
"n1719",5.255,0,NA
"n1720",5.37,0,NA
"n1721",5.70667,0,NA
"n1722",5.605,0,NA
"n1723",5.17875,0,NA
"n1724",5.11,0,NA
"n1725",7.61021,0,NA
"n1726",7.925,0,NA
"n1727",7.28,0,NA
"n1728",6.76,0,NA
"n1729",5.20411,0,NA
"n1730",5.06368,0,NA
"n1731",5.35047,0,NA
"n1732",6.1875,0,NA
"n1733",6.24721,0,NA
"n1734",6.83531,0,NA
"n1735",8.25823,0,NA
"n1736",8.04667,0,NA
"n1737",9.18,0,NA
"n1738",8.3348,0,NA
"n1739",4.69875,0,NA
"n1740",4.55,0,NA
"n1741",4.7164,0,NA
"n1742",7.43,0,NA
"n1743",7.78936,0,NA
"n1744",7.75211,0,NA
"n1745",5.89,0,NA
"n1746",7.19197,0,NA
"n1747",8.595,0,NA
"n1748",8.885,0,NA
"n1749",4.223,0,NA
"n1750",4.56732,0,NA
"n1751",8.8,0,NA
"n1752",7.06833,0,NA
"n1753",6.8,0,NA
"n1754",7.31403,0,NA
"n1755",4.945,0,NA
"n1756",5.01,0,NA
"n1757",7.05,0,NA
"n1758",5.12,0,NA
"n1759",6.92667,0,NA
"n1760",5.33,0,NA
"n1761",7.22,0,NA
"n1762",6.29212,0,NA
"n1763",7.80695,0,NA
"n1764",7.22256,0,NA
"n1765",6.28205,0,NA
"n1766",4.72506,0,NA
"n1767",4.89,0,NA
"n1768",5.0225,0,NA
"n1769",5,0,NA
"n1770",4.80533,0,NA
"n1771",5.03053,0,NA
"n1772",5.08,0,NA
"n1773",7.8,0,NA
"n1774",7.96514,0,NA
"n1775",6.09256,0,NA
"n1776",5.11333,0,NA
"n1777",5.13,0,NA
"n1778",5.28,0,NA
"n1779",4.51333,0,NA
"n1780",4.48375,0,NA
"n1781",4.565,0,NA
"n1782",4.4466,0,NA
"n1783",4.54,0,NA
"n1784",4.61,0,NA
"n1785",6.21,0,NA
"n1786",5.3,0,NA
"n1787",5.265,0,NA
"n1788",4.17143,0,NA
"n1789",4.07,0,NA
"n1790",3.02774,0,NA
"n1791",6.25466,0,NA
"n1792",2.15,0,NA
"n1793",1.92,0,NA
"n1794",2.3,0,NA
"n1795",2.31,0,NA
"n1796",2.395,0,NA
"n1797",2.54,0,NA
"n1798",4.2675,0,NA
"n1799",3.08,0,NA
"n1800",2.09667,0,NA
"n1801",2.2525,0,NA
"n1802",6.10077,0,NA
"n1803",2.90167,0,NA
"n1804",2.49129,0,NA
"n1805",1.81875,0,NA
"n1806",1.692,0,NA
"n1807",8.71104,0,NA
"n1808",1.65728,0,NA
"n1809",2.47,0,NA
"n1810",3.62,0,NA
"n1811",2.54,0,NA
"n1812",2.9,0,NA
"n1813",2.37667,0,NA
"n1814",2.58,0,NA
"n1815",2.57333,0,NA
"n1816",2.72869,0,NA
"n1817",2.76187,0,NA
"n1818",2.90126,0,NA
"n1819",2.09318,0,NA
"n1820",1.9,0,NA
"n1821",2.11,0,NA
"n1822",3.20333,0,NA
"n1823",2.31,0,NA
"n1824",2.11,0,NA
"n1825",3.02947,0,NA
"n1826",2.56222,0,NA
"n1827",1.92827,0,NA
"n1828",1.90018,0,NA
"n1829",2.21396,0,NA
"n1830",6.23,0,NA
"n1831",4.64168,0,NA
"n1832",1.44,0,NA
"n1833",2.07,0,NA
"n1834",1.685,0,NA
"n1835",1.78,0,NA
"n1836",2.675,0,NA
"n1837",2.1,0,NA
"n1838",2.83944,0,NA
"n1839",2.66,0,NA
"n1840",8.39912,0,NA
"n1841",7.98,0,NA
"n1842",8.19,0,NA
"n1843",8.16,0,NA
"n1844",4.63,0,NA
"n1845",3.67806,0,NA
"n1846",6.88,0,NA
"n1847",5.36,0,NA
"n1848",3.755,0,NA
"n1849",3.1775,0,NA
"n1850",3.89,0,NA
"n1851",3.99,0,NA
"n1852",3.98252,0,NA
"n1853",4.86,0,NA
"n1854",3.99811,0,NA
"n1855",4.23699,0,NA
"n1856",7.33228,0,NA
"n1857",7.1775,0,NA
"n1858",7.56,0,NA
"n1859",2.345,0,NA
"n1860",2.16,0,NA
"n1861",2.21,0,NA
"n1862",2.07,0,NA
"n1863",1.88,0,NA
"n1864",2.94,0,NA
"n1865",3.12049,0,NA
"n1866",2.44461,0,NA
"n1867",2.77,0,NA
"n1868",2.17344,0,NA
"n1869",7.56,0,NA
"n1870",7.84,0,NA
"n1871",7.9775,0,NA
"n1872",7.89526,0,NA
"n1873",8.25333,0,NA
"n1874",7.85713,0,NA
"n1875",7.535,0,NA
"n1876",7.45,0,NA
"n1877",7.925,0,NA
"n1878",7.66412,0,NA
"n1879",5.8,0,NA
"n1880",5.58,0,NA
"n1881",3.36333,0,NA
"n1882",3.3956,0,NA
"n1883",6.72,0,NA
"n1884",6.91333,0,NA
"n1885",4.78,0,NA
"n1886",3,0,NA
"n1887",3.475,0,NA
"n1888",1.59,0,NA
"n1889",1.67,0,NA
"n1890",1.565,0,NA
"n1891",1.75605,0,NA
"n1892",1.75,0,NA
"n1893",1.88,0,NA
"n1894",1.67,0,NA
"n1895",2.08237,0,NA
"n1896",1.81,0,NA
"n1897",1.53289,0,NA
"n1898",1.69,0,NA
"n1899",8.67143,0,NA
"n1900",8.26604,0,NA
"n1901",8.736,0,NA
"n1902",8.6625,0,NA
"n1903",8.325,0,NA
"n1904",8.37,0,NA
"n1905",7.34,0,NA
"n1906",8.55979,0,NA
"n1907",8.416,0,NA
"n1908",8.2725,0,NA
"n1909",8.455,0,NA
"n1910",8.035,0,NA
"n1911",8.114,0,NA
"n1912",8.57,0,NA
"n1913",8.492,0,NA
"n1914",8.62,0,NA
"n1915",7.0625,0,NA
