"ID","Node1","Node2","Length","Diameter","Roughness"
"p1","n1","n2",21.16,75,130
"p2","n3","n4",68.78,75,130
"p3","n5","n6",74.21,75,130
"p4","n5","n7",7.146,75,130
"p5","n5","n8",8.168,75,130
"p6","n3","n9",7.204,75,130
"p7","n3","n10",6.21,75,130
"p8","n5","n3",71.92,75,130
"p9","n11","n12",169.6,200,130
"p10","n6","n2",13.51,75,130
"p11","n13","n6",116.4,200,130
"p12","n14","n1",41.99,75,130
"p13","n15","n16",0.1622,150,130
"p14","n16","n17",145.9,150,130
"p15","n14","n18",92.79,150,130
"p16","n14","n19",173.2,150,130
"p17","n19","n17",5.617,150,130
"p18","n20","n21",3.224,75,130
"p19","n22","n23",150.6,75,130
"p20","n24","n25",143.8,75,130
"p21","n26","n27",56.22,75,130
"p22","n25","n28",40.16,75,130
"p23","n23","n29",41.13,150,130
"p24","n19","n30",73.48,75,130
"p25","n26","n23",69.58,75,130
"p26","n25","n31",71.75,75,130
"p27","n31","n20",7.179,75,130
"p28","n31","n32",48.49,100,130
"p29","n33","n21",372.4,100,130
"p30","n24","n34",170.4,100,130
"p31","n11","n16",75.27,100,130
"p32","n35","n26",2.651,75,130
"p33","n17","n12",73.42,75,130
"p34","n12","n24",2.707,75,130
"p35","n35","n24",5.535,100,130
"p36","n35","n36",95.51,100,130
"p37","n30","n35",2.71,75,130
"p38","n6","n30",161.7,200,130
"p39","n30","n12",5.538,200,130
"p40","n11","n37",1.155,100,130
"p41","n37","n34",1.559,100,130
"p42","n37","n38",5.294,200,130
"p43","n38","n39",102.6,200,130
"p44","n40","n41",110.9,100,130
"p45","n41","n42",124.8,100,130
"p46","n42","n43",122.8,100,130
"p47","n43","n44",137.7,100,130
"p48","n44","n45",40.68,100,130
"p49","n46","n47",72.74,100,130
"p50","n47","n48",92.26,100,130
"p51","n48","n49",47.58,100,130
"p52","n49","n50",47.24,100,130
"p53","n51","n52",53.61,200,130
"p54","n52","n53",37.78,200,130
"p55","n53","n54",234.9,200,130
"p56","n54","n55",49.28,200,130
"p57","n55","n56",167.1,200,130
"p58","n56","n57",69.07,200,130
"p59","n57","n58",96.45,200,130
"p60","n58","n59",113.5,200,130
"p61","n45","n60",163.3,75,130
"p62","n45","n46",16.79,100,130
"p63","n61","n62",90.43,600,130
"p64","n62","n63",415.9,600,130
"p65","n64","n65",448.5,600,130
"p66","n66","n64",505.4,600,130
"p67","n67","n68",149.1,600,130
"p68","n68","n66",1.737,600,130
"p69","n69","n70",315.5,600,130
"p70","n70","n67",40.85,600,130
"p71","n61","n40",47.02,600,130
"p72","n40","n65",10.32,600,130
"p73","n71","n72",506.7,750,130
"p74","n71","n73",505.9,750,130
"p75","n73","n74",506.5,750,130
"p76","n75","n76",305.2,750,130
"p77","n76","n77",102.3,750,130
"p78","n77","n74",99.8,750,130
"p79","n78","n79",335.4,100,130
"p80","n79","n80",9.153,100,130
"p81","n81","n82",2.47,100,130
"p82","n82","n83",7.788,100,130
"p83","n83","n84",11.94,100,130
"p84","n85","n81",4.502,100,130
"p85","n84","n80",8.484,100,130
"p86","n86","n87",94.61,750,130
"p87","n87","n88",214.6,750,130
"p88","n89","n90",170.7,750,130
"p89","n91","n90",506.4,750,130
"p90","n89","n92",11.16,700,130
"p91","n92","n93",21.94,700,130
"p92","n93","n94",9.597,700,130
"p93","n94","n95",0.4148,700,130
"p94","n96","n97",3.671,700,130
"p95","n98","n99",172.7,700,130
"p96","n99","n100",53.92,700,130
"p97","n100","n101",62.07,700,130
"p98","n101","n102",4.372,700,130
"p99","n102","n103",5.001,500,130
"p100","n103","n104",63.05,500,130
"p101","n104","n105",21.05,500,130
"p102","n105","n106",14.64,500,130
"p103","n106","n107",220.5,500,130
"p104","n107","n108",3.149,500,130
"p105","n108","n109",21.04,500,130
"p106","n109","n110",17.21,500,130
"p107","n110","n111",134.6,500,130
"p108","n111","n112",22.73,400,130
"p109","n112","n113",77.22,400,130
"p110","n113","n114",4.173,400,130
"p111","n114","n115",53.39,400,130
"p112","n115","n116",31.42,400,130
"p113","n116","n117",17.42,100,130
"p114","n117","n118",9.929,300,130
"p115","n118","n119",43.71,300,130
"p116","n119","n120",44.5,300,130
"p117","n120","n121",93.1,300,130
"p118","n121","n122",102.8,300,130
"p119","n122","n123",93.09,100,130
"p120","n124","n125",2.887,100,130
"p121","n126","n127",80.74,100,130
"p122","n88","n89",25.46,750,130
"p123","n128","n129",53.96,75,130
"p124","n129","n130",12.35,75,130
"p125","n131","n132",19.99,75,130
"p126","n130","n131",32.21,75,130
"p127","n133","n134",286.2,150,130
"p128","n133","n135",7.554,150,130
"p129","n136","n137",30.82,150,130
"p130","n137","n138",37.36,150,130
"p131","n139","n138",75.53,150,130
"p132","n133","n140",6.455,150,130
"p133","n141","n138",3.045,150,130
"p134","n142","n136",191.5,150,130
"p135","n143","n144",308.3,150,130
"p136","n142","n145",506.3,150,130
"p137","n146","n145",126.8,150,130
"p138","n147","n146",6.55,150,130
"p139","n148","n149",36.25,150,130
"p140","n149","n150",6.782,150,130
"p141","n151","n152",52.33,150,130
"p142","n152","n147",45.04,150,130
"p143","n151","n150",233.3,150,130
"p144","n148","n153",89.45,150,130
"p145","n153","n154",4.824,750,130
"p146","n154","n155",83.4,750,130
"p147","n155","n156",63.72,750,130
"p148","n156","n157",60.36,150,130
"p149","n157","n158",26.02,150,130
"p150","n158","n159",39.62,150,130
"p151","n159","n160",46.47,150,130
"p152","n160","n161",94.18,150,130
"p153","n136","n143",6.235,150,130
"p154","n162","n163",93.83,100,130
"p155","n163","n151",73.48,100,130
"p156","n164","n165",59.13,150,130
"p157","n165","n166",41.09,100,130
"p158","n162","n167",24.91,100,130
"p159","n162","n166",20.54,100,130
"p160","n168","n169",122.9,150,130
"p161","n170","n171",55.96,150,130
"p162","n171","n169",54.94,150,130
"p163","n172","n173",51.93,150,130
"p164","n173","n174",60.97,150,130
"p165","n175","n174",6.292,150,130
"p166","n176","n175",9.372,150,130
"p167","n177","n176",14.14,150,130
"p168","n178","n177",7.107,150,130
"p169","n179","n178",212,150,130
"p170","n180","n181",102.6,200,130
"p171","n182","n183",13.02,200,130
"p172","n183","n184",28.88,200,130
"p173","n184","n185",22.33,200,130
"p174","n185","n186",29.75,200,130
"p175","n187","n188",44.95,200,130
"p176","n188","n181",96.39,200,130
"p177","n186","n187",30.9,200,130
"p178","n189","n190",11.49,200,130
"p179","n190","n182",8.652,200,130
"p180","n189","n191",14.9,200,130
"p181","n191","n192",90.25,200,130
"p182","n192","n193",0.8305,200,130
"p183","n194","n195",160.2,150,130
"p184","n194","n196",44.19,150,130
"p185","n197","n198",39.35,150,130
"p186","n198","n199",65.11,150,130
"p187","n199","n200",68.98,150,130
"p188","n200","n201",22.95,150,130
"p189","n201","n202",13,150,130
"p190","n202","n203",11.04,150,130
"p191","n203","n204",15.48,200,130
"p192","n204","n205",29.17,200,130
"p193","n205","n206",77.65,200,130
"p194","n197","n196",0.8853,150,130
"p195","n172","n207",28.04,100,130
"p196","n207","n208",24.4,100,130
"p197","n208","n209",16.62,100,130
"p198","n173","n210",184.1,100,130
"p199","n210","n211",34.31,100,130
"p200","n211","n212",66.59,100,130
"p201","n212","n213",57.28,100,130
"p202","n213","n214",48.32,100,130
"p203","n214","n215",87.75,100,130
"p204","n211","n216",38.01,100,130
"p205","n217","n218",59.01,100,130
"p206","n218","n219",62.99,100,130
"p207","n220","n221",16.34,150,130
"p208","n221","n222",41.77,150,130
"p209","n223","n220",3.989,150,130
"p210","n224","n225",64.08,100,130
"p211","n226","n227",107.1,100,130
"p212","n228","n225",9.166,100,130
"p213","n228","n229",58.8,100,130
"p214","n229","n230",4.388,100,130
"p215","n230","n231",58.22,100,130
"p216","n231","n232",58.02,100,130
"p217","n232","n233",3.696,100,130
"p218","n233","n227",58.17,100,130
"p219","n234","n235",333.2,750,130
"p220","n235","n180",38.73,750,130
"p221","n236","n91",94.59,750,130
"p222","n180","n236",40.26,750,130
"p223","n237","n238",287.4,150,130
"p224","n239","n240",169.8,150,130
"p225","n239","n234",51.39,750,130
"p226","n241","n242",230.3,750,130
"p227","n241","n75",52.58,750,130
"p228","n78","n243",39.69,100,130
"p229","n243","n244",136,100,130
"p230","n244","n245",57.25,100,130
"p231","n246","n247",26.09,100,130
"p232","n247","n248",74.92,100,130
"p233","n246","n245",29.28,100,130
"p234","n69","n249",36.35,600,130
"p235","n249","n250",72.63,600,130
"p236","n251","n252",80.19,600,130
"p237","n252","n253",68.99,600,130
"p238","n250","n251",31.39,600,130
"p239","n254","n255",5.262,75,130
"p240","n255","n250",9.364,75,130
"p241","n256","n254",70.16,100,130
"p242","n254","n257",149.8,75,130
"p243","n257","n258",77.62,75,130
"p244","n258","n259",66.54,75,130
"p245","n259","n260",29.05,75,130
"p246","n260","n261",4.048,75,130
"p247","n261","n262",101.1,100,130
"p248","n256","n263",4.95,100,130
"p249","n264","n265",32.72,150,130
"p250","n265","n266",185.9,150,130
"p251","n266","n256",42.58,150,130
"p252","n267","n268",175.6,150,130
"p253","n267","n264",14.59,150,130
"p254","n261","n269",126.7,100,130
"p255","n269","n270",161.8,100,130
"p256","n270","n271",2.951,100,130
"p257","n272","n273",384.8,100,130
"p258","n273","n274",2.495,100,130
"p259","n275","n276",43.49,100,130
"p260","n276","n160",204.6,100,130
"p261","n277","n278",44.28,100,130
"p262","n279","n280",135.7,75,130
"p263","n280","n275",37.16,100,130
"p264","n281","n275",6.418,100,130
"p265","n280","n282",48.88,75,130
"p266","n283","n284",11.87,500,130
"p267","n285","n283",242.6,500,130
"p268","n285","n286",25.24,500,130
"p269","n287","n288",52.99,100,130
"p270","n289","n290",11.62,100,130
"p271","n287","n291",12.26,100,130
"p272","n288","n289",2.882,100,130
"p273","n292","n293",12.14,100,130
"p274","n294","n295",48.91,400,130
"p275","n295","n296",258.4,500,130
"p276","n297","n298",135.5,400,130
"p277","n292","n299",122.7,100,130
"p278","n299","n300",40.32,100,130
"p279","n300","n296",104,500,130
"p280","n301","n294",1.891,400,130
"p281","n298","n301",3.548,400,130
"p282","n302","n303",80.51,100,130
"p283","n303","n304",92.84,100,130
"p284","n304","n305",10.88,100,130
"p285","n306","n307",215.2,100,130
"p286","n308","n304",162,100,130
"p287","n308","n309",6.261,100,130
"p288","n309","n307",9.306,100,130
"p289","n310","n311",32.94,400,130
"p290","n311","n312",31.79,400,130
"p291","n297","n313",67.65,400,130
"p292","n297","n312",5.981,400,130
"p293","n310","n314",9.884,400,130
"p294","n315","n314",79.49,100,130
"p295","n316","n317",83.18,400,130
"p296","n316","n314",63.83,400,130
"p297","n317","n318",83.18,350,130
"p298","n319","n320",91.16,350,130
"p299","n319","n321",70.96,350,130
"p300","n321","n322",57.85,350,130
"p301","n322","n318",49.49,350,130
"p302","n323","n324",114.5,100,130
"p303","n325","n326",125.7,100,130
"p304","n327","n328",82.27,100,130
"p305","n326","n329",36.75,100,130
"p306","n329","n330",23.77,100,130
"p307","n330","n331",69.45,100,130
"p308","n323","n328",9.872,100,130
"p309","n327","n331",6.195,100,130
"p310","n332","n333",114.8,100,130
"p311","n333","n334",76.11,200,130
"p312","n334","n335",57.98,200,130
"p313","n335","n336",4.043,100,130
"p314","n336","n337",82.52,100,130
"p315","n315","n333",3.239,100,130
"p316","n338","n334",69.62,75,130
"p317","n338","n339",3.042,75,130
"p318","n339","n340",188.4,75,130
"p319","n341","n340",100.6,100,130
"p320","n340","n342",4.178,100,130
"p321","n343","n344",36.61,75,130
"p322","n343","n345",25.66,75,130
"p323","n346","n347",97.39,75,130
"p324","n346","n338",126.5,75,130
"p325","n346","n345",1.385,75,130
"p326","n348","n349",34.4,100,130
"p327","n349","n350",65.74,100,130
"p328","n350","n351",60.03,75,130
"p329","n339","n352",58.24,100,130
"p330","n352","n353",2.819,100,130
"p331","n353","n354",3.182,100,130
"p332","n355","n356",81.05,100,130
"p333","n356","n336",6.274,100,130
"p334","n336","n353",71.48,200,130
"p335","n357","n358",16.53,200,130
"p336","n359","n360",168.7,100,130
"p337","n360","n352",23.28,100,130
"p338","n352","n335",71.94,100,130
"p339","n353","n357",8.815,200,130
"p340","n358","n361",39.27,200,130
"p341","n361","n362",5.2,100,130
"p342","n362","n363",54.97,100,130
"p343","n354","n364",69.33,100,130
"p344","n350","n339",59.05,100,130
"p345","n365","n366",100.6,100,130
"p346","n365","n367",8.07,100,130
"p347","n368","n367",30.37,100,130
"p348","n369","n368",61.22,100,130
"p349","n370","n369",69.48,100,130
"p350","n370","n371",61.3,100,130
"p351","n372","n373",3.761,100,130
"p352","n374","n337",115.3,100,130
"p353","n374","n375",69.09,100,130
"p354","n375","n373",84.07,100,130
"p355","n372","n376",6.087,100,130
"p356","n377","n378",4.451,100,130
"p357","n375","n379",98.03,100,130
"p358","n379","n377",4.601,100,130
"p359","n380","n381",118.4,200,130
"p360","n381","n321",51.51,200,130
"p361","n380","n382",41.59,200,130
"p362","n383","n384",66.56,75,130
"p363","n384","n385",58.32,75,130
"p364","n385","n386",3.265,75,130
"p365","n386","n387",74.88,75,130
"p366","n388","n383",64.66,75,130
"p367","n388","n389",26.23,75,130
"p368","n389","n390",6.986,75,130
"p369","n391","n392",12.95,150,130
"p370","n393","n394",10.96,150,130
"p371","n395","n396",29.24,150,130
"p372","n396","n397",66.19,150,130
"p373","n398","n399",11.55,150,130
"p374","n399","n400",59.09,100,130
"p375","n370","n364",17.51,100,130
"p376","n380","n401",69.44,100,130
"p377","n401","n400",14.91,100,130
"p378","n370","n380",109.7,100,130
"p379","n398","n402",106,150,130
"p380","n402","n403",8.391,150,130
"p381","n403","n404",77.71,150,130
"p382","n405","n406",96.18,75,130
"p383","n406","n407",64.3,75,130
"p384","n407","n408",6.276,75,130
"p385","n408","n409",107.6,75,130
"p386","n409","n410",30.06,75,130
"p387","n410","n411",85.72,100,130
"p388","n412","n413",2.395,150,130
"p389","n414","n415",45.09,150,130
"p390","n415","n416",88.74,150,130
"p391","n414","n413",4.345,150,130
"p392","n417","n418",1.672,75,130
"p393","n416","n419",52.64,100,130
"p394","n418","n420",95.55,100,130
"p395","n418","n421",1.911,100,130
"p396","n421","n416",1.859,100,130
"p397","n421","n422",47.15,150,130
"p398","n423","n424",128.7,150,130
"p399","n424","n422",47.15,150,130
"p400","n425","n426",0.2338,200,130
"p401","n426","n427",129.1,150,130
"p402","n428","n429",44.4,150,130
"p403","n429","n430",41.29,150,130
"p404","n423","n431",25.69,150,130
"p405","n423","n430",6.593,150,130
"p406","n423","n432",2.898,150,130
"p407","n420","n433",2.64,150,130
"p408","n434","n435",162.8,200,130
"p409","n436","n437",60.56,200,130
"p410","n438","n417",114.9,100,130
"p411","n439","n440",113.4,100,130
"p412","n440","n420",14.71,75,130
"p413","n438","n439",79.13,100,130
"p414","n438","n437",2.752,200,130
"p415","n439","n441",206.2,100,130
"p416","n438","n442",97.95,100,130
"p417","n442","n443",80.34,150,130
"p418","n443","n428",78.15,150,130
"p419","n436","n435",121.8,200,130
"p420","n444","n445",2.93,150,130
"p421","n445","n446",168.6,200,130
"p422","n446","n447",9.882,200,130
"p423","n447","n448",4.666,200,130
"p424","n448","n449",5.956,200,130
"p425","n449","n450",1.627,200,130
"p426","n450","n451",6.814,200,130
"p427","n451","n434",45.63,200,130
"p428","n452","n453",139,100,130
"p429","n454","n445",40.39,200,130
"p430","n454","n453",49.53,200,130
"p431","n453","n455",172.5,200,130
"p432","n456","n193",81.53,200,130
"p433","n452","n457",4.024,100,130
"p434","n452","n458",44.23,100,130
"p435","n431","n459",133.7,150,130
"p436","n460","n461",48.95,150,130
"p437","n376","n462",102.2,150,130
"p438","n463","n464",2.77,250,130
"p439","n464","n465",2.569,250,130
"p440","n466","n467",214.5,100,130
"p441","n467","n468",48.8,150,130
"p442","n320","n469",123.7,250,130
"p443","n467","n306",269.2,100,130
"p444","n467","n463",3.149,150,130
"p445","n463","n397",3.889,150,130
"p446","n395","n470",9.196,100,130
"p447","n395","n372",8.125,150,130
"p448","n372","n394",75.27,150,130
"p449","n393","n471",53.38,150,130
"p450","n471","n472",5.764,150,130
"p451","n472","n392",4.117,150,130
"p452","n471","n473",7.311,150,130
"p453","n472","n474",4.938,150,130
"p454","n376","n398",86.94,150,130
"p455","n459","n475",38.78,150,130
"p456","n475","n476",23.32,150,130
"p457","n476","n460",27.07,150,130
"p458","n477","n478",79.77,100,130
"p459","n479","n480",99.81,100,130
"p460","n480","n481",14.85,100,130
"p461","n481","n482",55.17,100,130
"p462","n414","n483",35.79,100,130
"p463","n483","n484",237.4,100,130
"p464","n485","n486",124.6,100,130
"p465","n427","n487",47.75,150,130
"p466","n487","n428",3.51,150,130
"p467","n488","n489",128.7,75,130
"p468","n489","n391",89.39,75,130
"p469","n391","n476",7.68,75,130
"p470","n488","n490",22.09,100,130
"p471","n491","n492",49.37,100,130
"p472","n492","n493",4.818,100,130
"p473","n491","n494",5.733,100,130
"p474","n494","n490",18.38,100,130
"p475","n495","n496",49.51,100,130
"p476","n497","n475",78.09,100,130
"p477","n497","n496",90.34,100,130
"p478","n402","n497",86.27,100,130
"p479","n498","n497",7.687,100,130
"p480","n499","n500",159.6,100,130
"p481","n501","n502",7.661,100,130
"p482","n500","n501",5.415,100,130
"p483","n499","n503",28.73,150,130
"p484","n503","n495",33.51,100,130
"p485","n470","n504",68.46,100,130
"p486","n504","n505",42.69,100,130
"p487","n505","n506",10.48,100,130
"p488","n507","n505",95.01,150,130
"p489","n508","n509",4.812,250,130
"p490","n509","n469",2.522,250,130
"p491","n508","n507",4.846,150,130
"p492","n510","n511",69.79,150,130
"p493","n500","n469",113.1,250,130
"p494","n512","n513",93.4,150,130
"p495","n485","n514",47.93,100,130
"p496","n514","n515",41.55,100,130
"p497","n516","n517",150.5,100,130
"p498","n516","n515",49.01,100,130
"p499","n485","n518",47.3,150,130
"p500","n442","n519",63.77,100,130
"p501","n519","n520",37.62,100,130
"p502","n520","n521",13.11,100,130
"p503","n521","n522",57.72,100,130
"p504","n522","n478",4.349,100,130
"p505","n478","n479",97.94,100,130
"p506","n523","n524",61.72,100,130
"p507","n524","n525",14.82,100,130
"p508","n493","n525",4.73,100,130
"p509","n409","n371",6.311,75,130
"p510","n386","n526",54.54,150,130
"p511","n526","n527",9.586,150,130
"p512","n459","n528",15.72,100,130
"p513","n528","n529",2.751,100,130
"p514","n529","n494",232.8,100,130
"p515","n491","n530",233,100,130
"p516","n530","n528",1.988,100,130
"p517","n527","n531",6.512,150,130
"p518","n531","n412",34.88,150,130
"p519","n360","n329",5.695,100,130
"p520","n326","n387",60.16,100,130
"p521","n532","n533",5.415,250,130
"p522","n534","n535",2.003,250,130
"p523","n535","n536",17.67,250,130
"p524","n536","n537",3.169,250,130
"p525","n538","n539",5.421,100,130
"p526","n539","n466",14.82,100,130
"p527","n534","n540",9.53,250,130
"p528","n533","n541",12.53,150,130
"p529","n538","n542",80.8,100,130
"p530","n543","n532",191.9,100,130
"p531","n538","n501",2.923,100,130
"p532","n501","n537",1.734,250,130
"p533","n534","n533",2.021,250,130
"p534","n544","n545",20.31,250,130
"p535","n545","n532",82.36,250,130
"p536","n546","n547",184.3,300,130
"p537","n548","n549",7.809,100,130
"p538","n549","n550",83.31,100,130
"p539","n547","n551",97.35,100,130
"p540","n552","n553",90.67,100,130
"p541","n548","n554",6.806,100,130
"p542","n555","n554",11.59,100,130
"p543","n556","n557",10.65,150,130
"p544","n557","n558",9.126,150,130
"p545","n558","n559",69.43,150,130
"p546","n559","n547",11.02,100,130
"p547","n560","n547",9.435,100,130
"p548","n561","n560",87.84,150,130
"p549","n560","n562",110.4,200,130
"p550","n562","n563",6.812,150,130
"p551","n561","n564",6.034,150,130
"p552","n564","n565",85.42,150,130
"p553","n565","n566",1.181,100,130
"p554","n567","n568",75.09,100,130
"p555","n568","n569",28.66,100,130
"p556","n570","n571",32.34,150,130
"p557","n572","n573",44.88,150,130
"p558","n574","n575",37.15,100,130
"p559","n575","n561",72.82,100,130
"p560","n576","n577",148.2,75,130
"p561","n577","n578",17.35,75,130
"p562","n578","n579",80.11,75,130
"p563","n579","n580",2.761,75,130
"p564","n580","n556",4.285,150,130
"p565","n564","n581",45.14,100,130
"p566","n581","n582",64.71,100,130
"p567","n583","n574",1.592,150,130
"p568","n567","n582",86.27,150,130
"p569","n584","n585",124.1,100,130
"p570","n585","n586",3.232,100,130
"p571","n586","n587",23.5,100,130
"p572","n588","n589",7.232,150,130
"p573","n589","n590",5.268,150,130
"p574","n591","n592",11.23,75,130
"p575","n592","n593",12.31,75,130
"p576","n593","n594",112.1,75,130
"p577","n548","n595",105.9,150,130
"p578","n596","n597",51.85,150,130
"p579","n597","n595",125.3,150,130
"p580","n598","n599",107.6,150,130
"p581","n600","n591",105.7,75,130
"p582","n601","n602",111.9,100,130
"p583","n599","n603",111.7,100,130
"p584","n595","n584",8.401,150,130
"p585","n584","n604",25.31,150,130
"p586","n599","n602",8.61,150,130
"p587","n602","n588",4.34,150,130
"p588","n588","n605",24.96,150,130
"p589","n547","n544",1.727,300,130
"p590","n544","n554",1.418,300,130
"p591","n554","n606",142,300,130
"p592","n607","n600",10.21,75,130
"p593","n608","n609",127.3,75,130
"p594","n610","n611",127.7,75,130
"p595","n612","n607",126.3,100,130
"p596","n613","n614",127.3,150,130
"p597","n615","n616",1.997,150,130
"p598","n574","n562",86.59,150,130
"p599","n562","n603",135.2,150,130
"p600","n603","n601",9.098,150,130
"p601","n601","n617",50.27,150,130
"p602","n616","n563",85.79,150,130
"p603","n618","n619",130.9,150,130
"p604","n620","n621",34.98,150,130
"p605","n621","n622",44.5,150,130
"p606","n623","n624",130.7,75,130
"p607","n563","n625",57.15,75,130
"p608","n625","n626",74.01,75,130
"p609","n563","n618",3.132,150,130
"p610","n618","n624",3.512,150,130
"p611","n624","n610",129.8,150,130
"p612","n610","n614",5.64,150,130
"p613","n614","n609",3.053,150,130
"p614","n609","n627",51.45,150,130
"p615","n616","n628",132.5,75,130
"p616","n629","n630",132.6,75,130
"p617","n631","n632",81.96,100,130
"p618","n633","n634",25.62,150,130
"p619","n634","n635",73.48,150,130
"p620","n635","n636",38.6,150,130
"p621","n637","n638",73.41,75,130
"p622","n638","n639",36.87,75,130
"p623","n639","n640",23.81,75,130
"p624","n632","n641",43.6,75,130
"p625","n641","n642",77.78,75,130
"p626","n642","n643",12.78,75,130
"p627","n644","n645",43.53,150,130
"p628","n645","n646",83.16,150,130
"p629","n646","n647",7.45,150,130
"p630","n648","n649",114.3,300,130
"p631","n650","n651",69.65,300,130
"p632","n632","n644",1.967,100,130
"p633","n644","n637",4.708,150,130
"p634","n637","n630",85.14,150,130
"p635","n630","n615",4.06,150,130
"p636","n651","n652",138.2,100,130
"p637","n653","n654",66.97,150,130
"p638","n655","n656",110.8,100,130
"p639","n573","n657",110.9,100,130
"p640","n658","n659",154.4,150,130
"p641","n660","n631",69.69,100,130
"p642","n661","n662",3.443,150,130
"p643","n567","n663",3.768,150,130
"p644","n583","n582",3.451,150,130
"p645","n664","n659",61.79,100,130
"p646","n659","n663",2.701,150,130
"p647","n665","n666",21.94,150,130
"p648","n649","n633",2.894,300,130
"p649","n651","n649",87.4,300,130
"p650","n652","n653",6.013,100,130
"p651","n653","n667",77.77,150,130
"p652","n667","n668",7.677,150,130
"p653","n669","n670",36.27,150,130
"p654","n670","n671",38.83,150,130
"p655","n672","n673",42.19,150,130
"p656","n673","n674",44.24,150,130
"p657","n674","n675",17.77,150,130
"p658","n676","n677",67.43,150,130
"p659","n677","n678",70.59,150,130
"p660","n678","n679",6.585,150,130
"p661","n680","n681",32.43,150,130
"p662","n682","n652",19.59,150,130
"p663","n683","n643",34.95,150,130
"p664","n684","n685",137.6,150,130
"p665","n685","n666",207.5,150,130
"p666","n666","n658",8.959,150,130
"p667","n686","n687",94.26,300,130
"p668","n688","n689",63.39,300,130
"p669","n690","n691",136.2,150,130
"p670","n691","n660",225.2,150,130
"p671","n571","n665",88.03,150,130
"p672","n692","n693",78.87,100,130
"p673","n694","n695",78.15,150,130
"p674","n693","n696",146.8,75,130
"p675","n693","n694",46.12,100,130
"p676","n640","n697",47.86,150,130
"p677","n697","n629",38.12,150,130
"p678","n623","n698",106.2,150,130
"p679","n698","n611",31.84,150,130
"p680","n699","n700",34.04,150,130
"p681","n701","n702",12.72,150,130
"p682","n702","n703",80.41,150,130
"p683","n704","n705",73.23,150,130
"p684","n620","n706",33.98,150,130
"p685","n706","n707",21.21,150,130
"p686","n707","n708",60.83,150,130
"p687","n708","n709",25.69,150,130
"p688","n710","n711",33.7,150,130
"p689","n712","n713",77.22,150,130
"p690","n709","n714",30.55,75,130
"p691","n613","n679",2.151,150,130
"p692","n679","n712",2.252,150,130
"p693","n611","n612",2.653,150,130
"p694","n612","n613",1.249,150,130
"p695","n608","n699",40.87,150,130
"p696","n613","n608",3.881,150,130
"p697","n679","n680",46.99,150,130
"p698","n715","n716",8.398,75,130
"p699","n709","n712",3.066,150,130
"p700","n712","n715",18.13,150,130
"p701","n715","n710",28.3,150,130
"p702","n713","n717",4.095,150,130
"p703","n713","n718",9.055,150,130
"p704","n719","n720",102.3,150,130
"p705","n720","n622",168.6,150,130
"p706","n620","n676",1.792,150,130
"p707","n676","n619",2.242,150,130
"p708","n622","n717",150.4,150,130
"p709","n721","n722",4.542,150,130
"p710","n722","n723",2.319,150,130
"p711","n623","n619",2.584,150,130
"p712","n619","n626",2.752,150,130
"p713","n626","n724",53.99,150,130
"p714","n629","n576",2.507,150,130
"p715","n576","n661",1.439,150,130
"p716","n661","n628",1.419,150,130
"p717","n628","n724",47.88,150,130
"p718","n640","n725",2.197,150,130
"p719","n643","n647",1.423,150,130
"p720","n647","n725",2.482,150,130
"p721","n652","n683",48.53,150,130
"p722","n694","n682",255.4,150,130
"p723","n620","n705",29.36,150,130
"p724","n676","n675",2.102,150,130
"p725","n672","n671",17.06,150,130
"p726","n661","n672",2.527,150,130
"p727","n672","n703",1.864,150,130
"p728","n703","n704",3.914,150,130
"p729","n668","n636",1.829,150,130
"p730","n636","n669",0.8313,150,130
"p731","n647","n668",3.084,150,130
"p732","n726","n636",2.743,150,130
"p733","n654","n727",277.1,150,130
"p734","n728","n729",12.61,200,130
"p735","n730","n731",6.085,150,130
"p736","n732","n733",0.8095,150,130
"p737","n732","n734",1.928,200,130
"p738","n735","n728",145.7,200,130
"p739","n732","n736",82.11,150,130
"p740","n737","n731",58.29,150,130
"p741","n734","n738",105.1,200,130
"p742","n739","n727",49.98,150,130
"p743","n740","n741",51.68,150,130
"p744","n727","n741",73.72,150,130
"p745","n741","n730",72.36,150,130
"p746","n731","n733",3.883,150,130
"p747","n742","n743",44.63,150,130
"p748","n744","n745",2.221,200,130
"p749","n745","n746",2.199,200,130
"p750","n746","n747",93.72,200,130
"p751","n748","n737",40.55,150,130
"p752","n749","n750",123.8,200,130
"p753","n751","n752",68.38,200,130
"p754","n753","n754",69.14,200,130
"p755","n695","n755",2.291,150,130
"p756","n739","n756",179.3,150,130
"p757","n739","n757",76.85,150,130
"p758","n748","n740",2.206,150,130
"p759","n758","n757",4.404,150,130
"p760","n755","n758",1.888,150,130
"p761","n758","n740",1.129,150,130
"p762","n759","n736",3.2,100,130
"p763","n760","n759",51.29,100,130
"p764","n761","n762",167.5,200,130
"p765","n763","n764",86.6,200,130
"p766","n765","n766",75.44,150,130
"p767","n766","n736",22.12,150,130
"p768","n767","n768",112.6,100,130
"p769","n769","n765",170.9,150,130
"p770","n765","n770",7.155,150,130
"p771","n771","n772",5.09,150,130
"p772","n772","n761",9.655,150,130
"p773","n770","n771",8.175,150,130
"p774","n773","n774",58.79,150,130
"p775","n761","n738",70.02,200,130
"p776","n771","n773",44.3,150,130
"p777","n760","n774",32.38,150,130
"p778","n775","n776",44.46,100,130
"p779","n777","n778",2.061,150,130
"p780","n779","n780",44.86,300,130
"p781","n769","n781",5.069,150,130
"p782","n782","n783",4.732,150,130
"p783","n783","n784",11.52,150,130
"p784","n785","n786",8.221,150,130
"p785","n785","n787",72.86,150,130
"p786","n787","n788",5.598,100,130
"p787","n769","n789",13.48,150,130
"p788","n790","n791",136.7,150,130
"p789","n792","n793",7.174,150,130
"p790","n793","n763",10.49,150,130
"p791","n763","n784",169.2,200,130
"p792","n784","n762",3.409,200,130
"p793","n794","n795",109.7,100,130
"p794","n795","n775",269,100,130
"p795","n796","n797",102.9,150,130
"p796","n797","n798",170.2,150,130
"p797","n799","n800",102.9,300,130
"p798","n801","n802",108.8,300,130
"p799","n788","n779",204.9,300,130
"p800","n803","n804",134.7,200,130
"p801","n790","n794",3.628,150,130
"p802","n794","n792",62.82,150,130
"p803","n792","n768",15.75,150,130
"p804","n791","n805",143.7,100,130
"p805","n806","n807",107.9,150,130
"p806","n808","n809",3.628,100,130
"p807","n809","n810",63.26,100,130
"p808","n810","n811",60.57,100,130
"p809","n811","n812",19.83,100,130
"p810","n812","n813",29.41,100,130
"p811","n813","n764",160.9,100,130
"p812","n814","n815",45.08,150,130
"p813","n815","n767",81.37,150,130
"p814","n816","n127",240.5,300,130
"p815","n817","n818",20.97,300,130
"p816","n818","n819",68.82,300,130
"p817","n819","n820",57.96,300,130
"p818","n820","n821",60.99,300,130
"p819","n821","n808",17.62,300,130
"p820","n808","n822",108.1,100,130
"p821","n822","n814",66.43,300,130
"p822","n814","n823",2.442,300,130
"p823","n823","n797",80.03,300,130
"p824","n824","n825",110.5,200,130
"p825","n826","n827",81.06,100,130
"p826","n127","n826",122.4,300,130
"p827","n828","n829",28.46,100,130
"p828","n830","n831",95.48,100,130
"p829","n831","n832",96.03,100,130
"p830","n832","n833",101.4,100,130
"p831","n834","n835",65.86,150,130
"p832","n835","n836",37.41,150,130
"p833","n836","n837",3.531,150,130
"p834","n837","n122",5.119,150,130
"p835","n122","n838",5.098,150,130
"p836","n838","n839",5.973,150,130
"p837","n839","n840",111.8,150,130
"p838","n840","n841",83.36,150,130
"p839","n841","n842",60.41,150,130
"p840","n843","n844",57.06,150,130
"p841","n844","n845",53.66,150,130
"p842","n845","n846",4.057,150,130
"p843","n846","n847",5.538,150,130
"p844","n847","n848",4.65,150,130
"p845","n848","n849",22.73,150,130
"p846","n849","n850",62.96,150,130
"p847","n850","n851",93.29,150,130
"p848","n851","n852",19.17,150,130
"p849","n852","n841",89.75,150,130
"p850","n841","n853",45.14,100,130
"p851","n853","n854",41.51,100,130
"p852","n855","n816",67.56,300,130
"p853","n855","n856",32.13,300,130
"p854","n856","n857",56.27,300,130
"p855","n858","n859",37.13,300,130
"p856","n859","n860",77.24,300,130
"p857","n860","n861",88.93,300,130
"p858","n861","n862",6.651,300,130
"p859","n862","n863",6.035,400,130
"p860","n863","n864",5.765,400,130
"p861","n864","n865",3.961,400,130
"p862","n865","n866",46.89,400,130
"p863","n857","n858",113.4,300,130
"p864","n867","n868",1.652,300,130
"p865","n861","n867",6.245,300,130
"p866","n869","n870",3.812,300,130
"p867","n870","n871",3.591,100,130
"p868","n862","n872",5.377,300,130
"p869","n872","n873",5.793,300,130
"p870","n873","n874",4.584,300,130
"p871","n875","n876",59.23,150,130
"p872","n876","n877",95.64,150,130
"p873","n877","n878",2.657,150,130
"p874","n878","n879",2.87,150,130
"p875","n879","n880",103.3,150,130
"p876","n880","n881",89.45,150,130
"p877","n881","n882",103.6,450,130
"p878","n882","n883",142.1,450,130
"p879","n883","n884",105.8,450,130
"p880","n884","n885",92.71,450,130
"p881","n885","n886",5.511,450,130
"p882","n886","n870",84.07,450,130
"p883","n887","n888",53.35,150,130
"p884","n888","n889",5.935,150,130
"p885","n889","n890",13.8,150,130
"p886","n890","n891",80.99,150,130
"p887","n891","n892",2.063,150,130
"p888","n892","n893",2.215,150,130
"p889","n893","n894",97.34,150,130
"p890","n894","n895",95.91,150,130
"p891","n895","n896",97.07,150,130
"p892","n896","n897",50.24,150,130
"p893","n898","n899",4.917,100,130
"p894","n899","n900",25.39,100,130
"p895","n900","n901",26.56,100,130
"p896","n901","n902",38.54,100,130
"p897","n902","n903",33.58,100,130
"p898","n903","n904",31.16,100,130
"p899","n904","n905",62.93,100,130
"p900","n905","n906",2.852,100,130
"p901","n906","n907",79.43,100,130
"p902","n907","n871",3.092,100,130
"p903","n908","n909",63.6,100,130
"p904","n909","n910",67.99,100,130
"p905","n910","n911",23.87,100,130
"p906","n911","n912",114.3,100,130
"p907","n912","n913",8.394,100,130
"p908","n914","n915",0.5715,100,130
"p909","n916","n905",1.113,100,130
"p910","n906","n917",1.163,110,130
"p911","n918","n919",0.3063,110,130
"p912","n920","n921",51.61,110,130
"p913","n921","n922",88.99,110,130
"p914","n922","n923",72.95,100,130
"p915","n923","n924",64.23,100,130
"p916","n924","n925",13.34,160,130
"p917","n925","n926",125.1,160,130
"p918","n927","n928",13.57,100,130
"p919","n929","n930",2.706,75,130
"p920","n930","n881",2.723,75,130
"p921","n881","n931",2.38,100,130
"p922","n882","n932",168.3,100,130
"p923","n932","n933",109.4,100,130
"p924","n933","n934",40.49,100,130
"p925","n934","n935",180.5,100,130
"p926","n935","n936",68.95,100,130
"p927","n937","n938",37.51,100,130
"p928","n928","n939",83.47,100,130
"p929","n939","n940",85.94,100,130
"p930","n941","n942",2.611,100,130
"p931","n942","n937",31.35,100,130
"p932","n943","n941",79.56,100,130
"p933","n944","n926",13.84,100,130
"p934","n926","n927",35.35,160,130
"p935","n945","n941",70.89,100,130
"p936","n901","n946",2.106,100,130
"p937","n946","n947",55.06,100,130
"p938","n947","n948",59.47,100,130
"p939","n949","n950",3.18,100,130
"p940","n950","n951",37.79,100,130
"p941","n951","n952",31.59,100,130
"p942","n952","n953",22.41,100,130
"p943","n953","n948",2.573,100,130
"p944","n948","n954",1.886,100,130
"p945","n954","n955",35.32,100,130
"p946","n955","n956",58.59,100,130
"p947","n956","n957",55.77,100,130
"p948","n957","n902",2.424,100,130
"p949","n958","n959",6.624,150,130
"p950","n959","n960",4.891,150,130
"p951","n960","n961",63.22,150,130
"p952","n962","n963",1.729,150,130
"p953","n964","n965",71.88,100,130
"p954","n966","n958",26.93,100,130
"p955","n958","n967",46.68,100,130
"p956","n967","n968",19.53,100,130
"p957","n968","n969",6.407,60,130
"p958","n969","n970",58.96,60,130
"p959","n971","n970",128.8,100,130
"p960","n970","n972",21.31,100,130
"p961","n972","n897",33.83,100,130
"p962","n973","n963",63.35,150,130
"p963","n963","n974",117.3,150,130
"p964","n975","n949",61.44,100,130
"p965","n949","n976",64.18,100,130
"p966","n976","n977",29.06,100,130
"p967","n977","n978",26.18,100,130
"p968","n956","n979",33.9,100,130
"p969","n979","n947",3.845,100,130
"p970","n947","n980",1.937,100,130
"p971","n980","n981",23.82,100,130
"p972","n981","n982",31.08,50,130
"p973","n982","n983",46.55,50,130
"p974","n983","n976",3.644,50,130
"p975","n952","n981",60.67,50,130
"p976","n981","n984",53.24,50,130
"p977","n984","n900",2.877,50,130
"p978","n898","n982",55.59,50,130
"p979","n982","n951",61.37,50,130
"p980","n897","n974",11.79,100,130
"p981","n974","n978",17.9,100,130
"p982","n978","n898",45.49,100,130
"p983","n931","n985",3.806,100,130
"p984","n985","n986",62.55,100,130
"p985","n987","n988",72.01,100,130
"p986","n988","n989",2.694,100,130
"p987","n989","n990",70.07,100,130
"p988","n990","n991",3.064,100,130
"p989","n992","n993",104.7,85,130
"p990","n993","n994",0.5358,85,130
"p991","n995","n996",177.8,85,130
"p992","n997","n993",43.9,85,130
"p993","n988","n998",68.6,85,130
"p994","n987","n967",102.2,100,130
"p995","n966","n989",106,100,130
"p996","n989","n999",5.881,100,130
"p997","n969","n1000",4.179,50,130
"p998","n1000","n1001",60.2,50,130
"p999","n1002","n1003",60.41,50,130
"p1000","n966","n965",40.3,100,130
"p1001","n1004","n986",191.7,85,130
"p1002","n986","n987",2.498,100,130
"p1003","n929","n1005",99.29,75,130
"p1004","n1006","n1007",15.22,100,130
"p1005","n1007","n1008",42.56,100,130
"p1006","n1008","n1009",66.28,100,130
"p1007","n1009","n1010",71.75,100,130
"p1008","n1010","n1011",53.79,100,130
"p1009","n1011","n1012",76.22,100,130
"p1010","n1012","n1013",57.14,100,130
"p1011","n1013","n1014",52.31,100,130
"p1012","n1015","n1016",29.06,100,130
"p1013","n1016","n1017",63.29,100,130
"p1014","n1018","n1019",19.6,100,130
"p1015","n1019","n1020",164.4,100,130
"p1016","n1020","n929",9.428,100,130
"p1017","n1021","n1022",2.641,100,130
"p1018","n1022","n1023",43.85,100,130
"p1019","n1024","n1025",90.98,100,130
"p1020","n1025","n1026",3.333,100,130
"p1021","n1026","n1027",2.476,100,130
"p1022","n1027","n1028",14.41,100,130
"p1023","n1028","n1029",17.93,100,130
"p1024","n888","n1030",1.482,100,130
"p1025","n1030","n1028",68.77,100,130
"p1026","n1028","n1031",36.26,100,130
"p1027","n1032","n1026",74.32,85,130
"p1028","n1026","n1033",66.81,100,130
"p1029","n1033","n890",3.071,100,130
"p1030","n1032","n1034",122,85,130
"p1031","n1035","n1036",109.3,150,130
"p1032","n1036","n1037",6.027,150,130
"p1033","n1037","n1038",25.98,150,130
"p1034","n1038","n1039",54.18,150,130
"p1035","n1039","n1040",1.993,150,130
"p1036","n1040","n1041",2.421,150,130
"p1037","n1041","n878",2.499,150,130
"p1038","n878","n1042",1.868,150,130
"p1039","n1042","n892",1.931,150,130
"p1040","n892","n1043",4.643,150,130
"p1041","n1043","n1004",58.3,150,130
"p1042","n1004","n1024",3.6,150,130
"p1043","n1024","n1044",67.05,85,130
"p1044","n1038","n1045",11.09,75,130
"p1045","n1045","n1046",82.47,75,130
"p1046","n1046","n1047",41.39,75,130
"p1047","n1047","n1048",12.04,75,130
"p1048","n1048","n1049",3.966,75,130
"p1049","n1049","n1005",87.55,75,130
"p1050","n1050","n1051",52.82,75,130
"p1051","n1051","n1052",73.24,75,130
"p1052","n1052","n1053",79.45,75,130
"p1053","n1053","n1054",90.97,75,130
"p1054","n1054","n1055",5.198,75,130
"p1055","n1005","n1050",37.8,75,130
"p1056","n1048","n1055",83.91,75,130
"p1057","n1055","n1056",14.42,75,130
"p1058","n1056","n1057",79.49,75,130
"p1059","n1056","n1058",5.008,75,130
"p1060","n1058","n1059",125.7,75,130
"p1061","n1059","n1060",24.88,75,130
"p1062","n1060","n1061",63.19,75,130
"p1063","n1061","n1062",27.15,75,130
"p1064","n1062","n1063",17.64,75,130
"p1065","n1063","n1064",30.5,75,130
"p1066","n1064","n1057",97.9,75,130
"p1067","n1065","n1066",41.72,150,130
"p1068","n1066","n1067",5.485,150,130
"p1069","n1068","n1069",4.801,100,130
"p1070","n1069","n1070",61.54,100,130
"p1071","n1071","n1072",28.74,200,130
"p1072","n1073","n1074",93.83,200,130
"p1073","n1075","n1076",6.15,200,130
"p1074","n1076","n1077",85.9,200,130
"p1075","n1077","n1078",108.7,200,130
"p1076","n1078","n1079",109,200,130
"p1077","n1079","n1080",54.5,200,130
"p1078","n1080","n1081",88.5,200,130
"p1079","n1081","n1082",52.18,200,130
"p1080","n1082","n1083",3.43,200,130
"p1081","n1084","n1074",97.68,150,130
"p1082","n1085","n1075",80.03,150,130
"p1083","n1037","n1086",1.979,150,130
"p1084","n1086","n1087",14.82,150,130
"p1085","n1088","n1089",96.59,200,130
"p1086","n1090","n1065",91.56,150,130
"p1087","n1065","n1091",3.526,150,130
"p1088","n1091","n1021",37.13,150,130
"p1089","n1021","n1092",52.93,150,130
"p1090","n1092","n1084",1.736,150,130
"p1091","n1084","n1093",3.154,150,130
"p1092","n1093","n1036",2.97,150,130
"p1093","n1085","n1074",17.73,150,130
"p1094","n1094","n1095",10.27,100,130
"p1095","n1095","n1096",34.84,100,130
"p1096","n1096","n1097",127.4,100,130
"p1097","n1097","n1098",27.19,100,130
"p1098","n1098","n1099",42.4,100,130
"p1099","n1100","n114",5.752,100,130
"p1100","n1075","n1083",112.6,200,130
"p1101","n1083","n1071",101,200,130
"p1102","n1071","n1094",25.95,100,130
"p1103","n1094","n1101",18.89,100,130
"p1104","n1101","n1068",0.5227,100,130
"p1105","n1068","n1102",218.1,100,130
"p1106","n113","n1103",7.989,100,130
"p1107","n1103","n1104",24.97,100,130
"p1108","n1105","n1106",64.44,100,130
"p1109","n1107","n1105",20.87,100,130
"p1110","n1105","n1099",49.72,100,130
"p1111","n1108","n1109",70.86,100,130
"p1112","n1109","n1110",4.78,100,130
"p1113","n1110","n1111",7.085,100,130
"p1114","n1111","n1097",105.8,100,130
"p1115","n1077","n1073",95.43,200,130
"p1116","n1112","n1113",67.43,200,130
"p1117","n1113","n1091",13.47,200,130
"p1118","n1091","n1114",83.6,200,130
"p1119","n1114","n1115",5.548,200,130
"p1120","n1116","n1077",4.754,200,130
"p1121","n1073","n1112",19.31,200,130
"p1122","n1089","n1117",103.5,100,130
"p1123","n1118","n1119",22.9,450,130
"p1124","n1119","n1120",63.2,450,130
"p1125","n1120","n1121",63.6,450,130
"p1126","n1121","n1122",75.54,450,130
"p1127","n1122","n1123",57.62,450,130
"p1128","n1123","n1124",87.45,450,130
"p1129","n1125","n1126",115.3,100,130
"p1130","n1127","n1128",154.9,300,130
"p1131","n1128","n1129",114,300,130
"p1132","n1130","n1131",98.03,100,130
"p1133","n1131","n1132",7.975,100,130
"p1134","n1133","n1134",99.99,100,130
"p1135","n1134","n1135",5.254,100,130
"p1136","n1135","n1136",72.69,100,130
"p1137","n1137","n1138",7.961,100,130
"p1138","n1125","n1137",2.557,300,130
"p1139","n1137","n1127",32.05,300,130
"p1140","n1088","n1139",71.5,100,130
"p1141","n1139","n1140",20.4,100,130
"p1142","n1141","n1142",47.37,100,130
"p1143","n1142","n1143",67.86,100,130
"p1144","n1141","n1125",119.7,200,130
"p1145","n1144","n1145",37.4,75,130
"p1146","n1146","n1147",111.2,100,130
"p1147","n1148","n1149",117.1,100,130
"p1148","n144","n1150",96.54,750,130
"p1149","n1150","n1151",4.195,750,130
"p1150","n1146","n1152",333.3,150,130
"p1151","n86","n1153",506.9,750,130
"p1152","n1154","n128",4.618,75,130
"p1153","n1146","n1148",110.3,75,130
"p1154","n1148","n128",58.74,75,130
"p1155","n1155","n13",34.16,200,130
"p1156","n1156","n1157",144.7,200,130
"p1157","n1158","n1159",5.686,200,130
"p1158","n1160","n1161",138.3,200,130
"p1159","n1162","n1155",38.13,200,130
"p1160","n1163","n1164",179.9,200,130
"p1161","n1164","n1165",33.84,200,130
"p1162","n1166","n1167",99.15,200,130
"p1163","n1167","n1168",53.03,200,130
"p1164","n1168","n1157",91.16,200,130
"p1165","n1006","n1169",189,150,130
"p1166","n1169","n1170",184.6,150,130
"p1167","n1170","n1171",127.7,150,130
"p1168","n1172","n1173",249.8,750,130
"p1169","n1173","n1159",201.9,750,130
"p1170","n1174","n1175",66.74,250,130
"p1171","n1176","n1177",195.7,200,130
"p1172","n1177","n1178",146.3,200,130
"p1173","n1006","n1152",5.658,150,130
"p1174","n1159","n1153",73,750,130
"p1175","n1179","n1162",49.63,200,130
"p1176","n1157","n1180",63.77,200,130
"p1177","n1157","n1160",4.482,200,130
"p1178","n1160","n1162",5.642,200,130
"p1179","n1160","n1174",49.3,200,130
"p1180","n1174","n1179",4.882,200,130
"p1181","n1179","n1181",48.34,200,130
"p1182","n1182","n1183",218.6,200,130
"p1183","n1184","n1185",101.7,200,130
"p1184","n1185","n1176",4.492,200,130
"p1185","n1176","n1175",44.28,200,130
"p1186","n1186","n1187",182.2,200,130
"p1187","n1187","n1183",194,200,130
"p1188","n1183","n1184",51.64,200,130
"p1189","n140","n1188",6.46,150,130
"p1190","n689","n1189",3.764,300,130
"p1191","n1189","n1190",140,300,130
"p1192","n1190","n650",10.87,300,130
"p1193","n687","n1191",8.287,300,130
"p1194","n1191","n688",34.85,300,130
"p1195","n1192","n1193",19.87,300,130
"p1196","n1193","n1194",5.071,300,130
"p1197","n1195","n426",15.94,200,130
"p1198","n426","n1196",8.322,200,130
"p1199","n1196","n1197",12.15,200,130
"p1200","n1197","n1198",5.066,200,130
"p1201","n1198","n1199",7.85,200,130
"p1202","n1199","n1200",23.52,200,130
"p1203","n1201","n1202",23.78,150,130
"p1204","n1202","n1203",47.59,150,130
"p1205","n1203","n684",25.81,150,130
"p1206","n686","n1204",3.415,300,130
"p1207","n1204","n735",4.235,300,130
"p1208","n735","n1194",7.888,300,130
"p1209","n780","n1192",84.09,300,130
"p1210","n788","n1205",68.27,100,130
"p1211","n788","n802",52.91,300,130
"p1212","n1206","n790",6.178,300,130
"p1213","n790","n801",10.97,300,130
"p1214","n800","n796",4.199,150,130
"p1215","n800","n1206",127.4,300,130
"p1216","n1207","n1208",32.66,150,130
"p1217","n1208","n1209",80.41,150,130
"p1218","n1209","n1210",194.8,150,130
"p1219","n1211","n1212",151.3,150,130
"p1220","n1213","n1214",30.16,250,130
"p1221","n1214","n1215",76.07,250,130
"p1222","n1215","n1216",83.62,250,130
"p1223","n1216","n1217",5.403,250,130
"p1224","n1217","n1218",101.5,250,130
"p1225","n1218","n1219",111.8,250,130
"p1226","n1219","n1220",3.483,250,130
"p1227","n1220","n1221",104.1,300,130
"p1228","n1221","n1222",25.04,300,130
"p1229","n1223","n1224",79.39,250,130
"p1230","n803","n1225",83.79,250,130
"p1231","n1225","n1226",47.95,250,130
"p1232","n1226","n1213",135.5,250,130
"p1233","n1227","n1228",5.037,75,130
"p1234","n1228","n1229",40.23,75,130
"p1235","n1230","n1231",53.36,100,130
"p1236","n1231","n1232",148.2,100,130
"p1237","n1232","n1233",63.89,100,130
"p1238","n1234","n1235",5.09,200,130
"p1239","n1235","n1236",153.3,200,130
"p1240","n1227","n1237",39.34,75,130
"p1241","n1238","n1239",121.7,100,130
"p1242","n1240","n1241",94.81,150,130
"p1243","n1241","n1239",77.49,150,130
"p1244","n1242","n1243",165.5,150,130
"p1245","n1244","n1243",78.31,75,130
"p1246","n1245","n1246",5.551,75,130
"p1247","n1247","n1229",113.2,75,130
"p1248","n1242","n1248",4.225,150,130
"p1249","n1249","n1250",65.9,150,130
"p1250","n804","n1251",51.41,100,130
"p1251","n1248","n1249",8.743,150,130
"p1252","n1244","n1252",149.5,100,130
"p1253","n1253","n1254",148.1,100,130
"p1254","n1242","n1255",8.686,150,130
"p1255","n1256","n1248",97.33,75,130
"p1256","n1257","n1258",4.118,100,130
"p1257","n1258","n1215",4.242,100,130
"p1258","n1215","n1259",4.529,100,130
"p1259","n1259","n1260",91.63,100,130
"p1260","n1260","n1261",49.4,100,130
"p1261","n1261","n1262",25,100,130
"p1262","n1262","n1263",131.7,100,130
"p1263","n1263","n1214",4.371,100,130
"p1264","n1214","n1264",4.517,100,130
"p1265","n1264","n1265",3.649,100,130
"p1266","n1265","n1238",59.38,100,130
"p1267","n1240","n1266",88.27,150,130
"p1268","n1257","n1265",75.87,150,130
"p1269","n1265","n1230",3.787,150,130
"p1270","n1267","n1268",19.4,100,130
"p1271","n1269","n1267",110,100,130
"p1272","n1270","n1271",37.32,150,130
"p1273","n1272","n1273",23.61,150,130
"p1274","n1273","n1255",47.51,150,130
"p1275","n1233","n1274",4.391,200,130
"p1276","n1274","n825",1.009,200,130
"p1277","n776","n777",103.1,150,130
"p1278","n796","n794",133.7,150,130
"p1279","n1275","n1276",42.8,100,130
"p1280","n1277","n1276",70.43,100,130
"p1281","n1278","n1279",195.8,100,130
"p1282","n1280","n1279",124.4,100,130
"p1283","n1279","n1281",53.5,100,130
"p1284","n299","n1282",105.7,150,130
"p1285","n292","n1283",108.3,100,130
"p1286","n1277","n1284",83.08,250,130
"p1287","n1285","n1280",199.1,100,130
"p1288","n1282","n1278",76.95,150,130
"p1289","n1278","n1285",115.4,150,130
"p1290","n1285","n1286",3.672,150,130
"p1291","n1277","n1283",60.87,100,130
"p1292","n1283","n1287",123.7,100,130
"p1293","n1287","n1282",6.061,100,130
"p1294","n1288","n1289",112.8,250,130
"p1295","n1288","n1290",78.85,100,130
"p1296","n1291","n1292",40.76,100,130
"p1297","n1293","n1294",32.17,100,130
"p1298","n1295","n1276",44.05,100,130
"p1299","n1296","n1280",36.4,100,130
"p1300","n1289","n1297",70.87,250,130
"p1301","n1297","n1284",58.67,250,130
"p1302","n1288","n1298",68.51,250,130
"p1303","n1299","n1300",9.392,100,130
"p1304","n1301","n219",64.82,250,130
"p1305","n219","n1302",84.75,100,130
"p1306","n1302","n1290",69.47,100,130
"p1307","n219","n1298",9.683,250,130
"p1308","n1301","n1303",0.9187,100,130
"p1309","n1303","n1304",3.211,100,130
"p1310","n1304","n1305",10.25,100,130
"p1311","n1305","n1306",39.2,100,130
"p1312","n1306","n1307",32.84,100,130
"p1313","n1307","n1308",24.2,100,130
"p1314","n1309","n1310",5.567,100,130
"p1315","n1310","n1311",39.13,100,130
"p1316","n1311","n1312",27.21,100,130
"p1317","n1312","n1313",62.39,100,130
"p1318","n1290","n1314",3.366,100,130
"p1319","n1314","n1291",4.043,100,130
"p1320","n1291","n1293",64.14,100,130
"p1321","n1293","n1315",3.071,100,130
"p1322","n1313","n189",8.932,100,130
"p1323","n1316","n1317",10.25,100,130
"p1324","n1318","n1316",4.942,100,130
"p1325","n1319","n1299",38.96,100,130
"p1326","n222","n1320",15.08,150,130
"p1327","n1320","n1321",34.84,150,130
"p1328","n1321","n1322",11.03,150,130
"p1329","n1322","n1323",29.54,150,130
"p1330","n1323","n1324",34.63,150,130
"p1331","n1324","n1325",32.36,150,130
"p1332","n1317","n1326",33.16,100,130
"p1333","n1327","n1328",89.27,100,130
"p1334","n1319","n1329",91.36,100,130
"p1335","n1330","n1331",108.5,100,130
"p1336","n1330","n1326",33.91,100,130
"p1337","n1332","n1333",103.1,100,130
"p1338","n1333","n230",107.7,100,130
"p1339","n229","n1334",108.2,100,130
"p1340","n1329","n1335",94.91,150,130
"p1341","n1336","n1337",105.5,150,130
"p1342","n1338","n1339",2.118,150,130
"p1343","n1340","n1332",58.82,100,130
"p1344","n1341","n1342",94,300,130
"p1345","n1343","n1344",2.227,100,130
"p1346","n1345","n231",107.9,100,130
"p1347","n1343","n1346",2.871,100,130
"p1348","n1346","n1347",182.3,100,130
"p1349","n1348","n1349",95.84,100,130
"p1350","n1329","n1350",5.516,100,130
"p1351","n233","n1351",107.5,100,130
"p1352","n1352","n1353",94.09,100,130
"p1353","n1354","n1355",3.595,250,130
"p1354","n1355","n1356",57.96,250,130
"p1355","n1356","n1344",2.558,100,130
"p1356","n1348","n1357",4.728,100,130
"p1357","n1356","n1348",3.278,250,130
"p1358","n1348","n1350",55.45,250,130
"p1359","n1358","n1328",100.2,100,130
"p1360","n1359","n1360",32.37,150,130
"p1361","n1360","n1361",15.5,150,130
"p1362","n1362","n1363",152.6,250,130
"p1363","n1359","n1354",103.8,300,130
"p1364","n1364","n1365",85.07,100,130
"p1365","n1366","n1367",89.17,100,130
"p1366","n1327","n1366",6.11,100,130
"p1367","n1341","n1359",94.32,400,130
"p1368","n1368","n1369",64.37,100,130
"p1369","n1370","n1371",10.43,100,130
"p1370","n102","n1372",3.897,400,130
"p1371","n1372","n1373",2.446,400,130
"p1372","n1374","n1375",16.4,400,130
"p1373","n1375","n1376",90.81,400,130
"p1374","n1376","n1377",106.8,400,130
"p1375","n1342","n1378",2.448,400,130
"p1376","n1370","n1342",5.072,100,130
"p1377","n1342","n1379",10.14,100,130
"p1378","n1368","n1370",3.665,100,130
"p1379","n1370","n1136",3.656,100,130
"p1380","n1377","n1378",74.85,400,130
"p1381","n1134","n1380",2.503,100,130
"p1382","n1381","n1382",28.97,100,130
"p1383","n1382","n1383",58.83,100,130
"p1384","n1135","n1384",102.8,100,130
"p1385","n1135","n1385",1.924,100,130
"p1386","n1385","n1377",3.178,100,130
"p1387","n1377","n1386",5.183,100,130
"p1388","n1386","n1387",207.8,100,130
"p1389","n1388","n1389",59.32,100,130
"p1390","n1389","n1130",3.41,100,130
"p1391","n1130","n1390",2.223,100,130
"p1392","n1390","n1374",2.27,100,130
"p1393","n1373","n1391",4.135,100,130
"p1394","n1391","n1392",26.75,100,130
"p1395","n1392","n1393",34.12,100,130
"p1396","n1393","n1394",28.52,100,130
"p1397","n1388","n1395",38.21,100,130
"p1398","n1396","n1397",17.62,100,130
"p1399","n1397","n1398",105.2,100,130
"p1400","n120","n1399",5.291,100,130
"p1401","n1399","n1400",4.866,100,130
"p1402","n1400","n1401",136.1,100,130
"p1403","n1222","n117",82.25,300,130
"p1404","n1402","n1403",43.75,100,130
"p1405","n1403","n843",83.79,100,130
"p1406","n843","n1404",5.811,100,130
"p1407","n1404","n1405",89.24,100,130
"p1408","n1406","n1407",4.808,100,130
"p1409","n117","n1406",9.918,100,130
"p1410","n1406","n1408",4.718,100,130
"p1411","n1408","n1409",53.35,100,130
"p1412","n1409","n1410",20.43,100,130
"p1413","n1411","n1412",77.45,100,130
"p1414","n1413","n1414",7.657,100,130
"p1415","n1414","n1415",127,100,130
"p1416","n1415","n1416",23.65,100,130
"p1417","n1416","n1417",90.16,100,130
"p1418","n1417","n1396",88.72,100,130
"p1419","n1418","n1419",72.52,150,130
"p1420","n1419","n1420",73.59,150,130
"p1421","n1421","n1209",94.17,150,130
"p1422","n1207","n1405",106.5,150,130
"p1423","n1422","n1423",3,150,130
"p1424","n1424","n1425",3,150,130
"p1425","n1404","n1426",55.52,150,130
"p1426","n1427","n1428",3.974,150,130
"p1427","n1428","n1429",4.232,150,130
"p1428","n1429","n1430",130.1,100,130
"p1429","n1430","n1431",42.34,100,130
"p1430","n1431","n1432",42.55,100,130
"p1431","n1432","n1433",64.5,100,130
"p1432","n1433","n1104",73.15,100,130
"p1433","n1418","n1434",17.34,150,130
"p1434","n1434","n1435",110.9,150,130
"p1435","n1436","n1426",51.01,150,130
"p1436","n1437","n1438",5.266,150,130
"p1437","n1438","n1425",6.938,150,130
"p1438","n1429","n1439",10.27,100,130
"p1439","n1439","n1440",30.59,100,130
"p1440","n1440","n1441",20.76,100,130
"p1441","n1441","n1442",12.56,100,130
"p1442","n1442","n1443",7.638,100,130
"p1443","n1443","n1444",48.4,100,130
"p1444","n1444","n1445",15.29,100,130
"p1445","n1445","n1446",18.45,100,130
"p1446","n1446","n1447",21.74,100,130
"p1447","n1447","n1448",45.04,100,130
"p1448","n1218","n1437",5.398,150,130
"p1449","n1437","n1449",97.55,150,130
"p1450","n1449","n1421",80.05,150,130
"p1451","n1450","n1451",4.536,100,130
"p1452","n1451","n1220",5.403,100,130
"p1453","n1220","n1452",102.6,100,130
"p1454","n1452","n1453",8.887,100,130
"p1455","n1448","n1454",3.447,100,130
"p1456","n1411","n1455",23.62,100,130
"p1457","n1455","n1451",102.7,100,130
"p1458","n1451","n1456",3.623,100,130
"p1459","n1457","n1423",10.12,150,130
"p1460","n1207","n1436",92.38,150,130
"p1461","n1436","n1435",7.616,150,130
"p1462","n1435","n1417",78.11,150,130
"p1463","n1417","n1457",90.85,150,130
"p1464","n1457","n1456",3.417,150,130
"p1465","n1402","n1458",44.98,100,130
"p1466","n1458","n1459",5.345,100,130
"p1467","n1459","n1221",6.35,100,130
"p1468","n1221","n1460",4.54,100,130
"p1469","n1460","n1461",93.29,100,130
"p1470","n1461","n1433",11.02,100,130
"p1471","n1433","n1462",107.7,100,130
"p1472","n1462","n1463",127.3,100,130
"p1473","n120","n1398",5.961,100,130
"p1474","n1099","n1100",82.37,100,130
"p1475","n1106","n1464",3.425,100,130
"p1476","n1464","n111",6.094,100,130
"p1477","n111","n1465",5.684,100,130
"p1478","n1465","n1466",5.247,100,130
"p1479","n1466","n1467",34.67,100,130
"p1480","n1467","n1462",62.55,100,130
"p1481","n1462","n1468",74.43,100,130
"p1482","n1468","n1469",28.98,100,130
"p1483","n1469","n1454",3.421,100,130
"p1484","n1469","n1470",89.86,100,130
"p1485","n1471","n1454",4.736,100,130
"p1486","n1454","n1472",5.354,100,130
"p1487","n1448","n1453",108.2,100,130
"p1488","n1427","n1473",11.08,150,130
"p1489","n1473","n1474",34.37,150,130
"p1490","n1475","n1476",88.81,200,130
"p1491","n1217","n1477",5.236,150,130
"p1492","n1477","n1478",8.591,150,130
"p1493","n1478","n1479",79.71,150,130
"p1494","n1479","n1427",12.47,150,130
"p1495","n1480","n1481",3.29,200,130
"p1496","n803","n1480",5.886,250,130
"p1497","n1480","n1224",2.757,250,130
"p1498","n1230","n1270",27.32,150,130
"p1499","n1239","n1212",84.55,100,130
"p1500","n1212","n1236",4.379,100,130
"p1501","n1212","n1233",4.088,150,130
"p1502","n1233","n806",50.01,150,130
"p1503","n1210","n1211",7.115,150,130
"p1504","n1413","n1420",82.23,200,130
"p1505","n1420","n1482",99.43,200,130
"p1506","n1482","n1234",4.258,200,130
"p1507","n1236","n1274",4.096,200,130
"p1508","n1257","n1266",1.508,150,130
"p1509","n1456","n1219",5.003,150,130
"p1510","n1244","n1254",4.643,75,130
"p1511","n1254","n1237",30.45,75,130
"p1512","n1243","n1483",3.975,100,130
"p1513","n1483","n1245",80.76,100,130
"p1514","n1246","n1484",4.909,75,130
"p1515","n1247","n1485",3.958,75,130
"p1516","n1485","n1246",79.21,75,130
"p1517","n1256","n1483",69.15,75,130
"p1518","n1483","n1486",6.031,75,130
"p1519","n1486","n1487",73.56,75,130
"p1520","n1488","n1250",116.1,100,130
"p1521","n1489","n1490",29.73,150,130
"p1522","n1491","n1492",15.23,200,130
"p1523","n1250","n1493",64.64,150,130
"p1524","n1272","n1271",15.51,150,130
"p1525","n807","n1247",72.99,150,130
"p1526","n1247","n1243",5.941,150,130
"p1527","n804","n1484",74.85,150,130
"p1528","n1484","n1494",68.81,150,130
"p1529","n1494","n1206",136.4,150,130
"p1530","n1489","n805",129.9,100,130
"p1531","n1256","n1488",52.11,100,130
"p1532","n1495","n1496",75,100,130
"p1533","n804","n805",5.408,100,130
"p1534","n805","n1495",147.6,100,130
"p1535","n1497","n1498",145.6,100,130
"p1536","n1499","n1495",110.9,100,130
"p1537","n1491","n1497",157.4,100,130
"p1538","n807","n1487",7.062,150,130
"p1539","n1487","n1500",63.81,150,130
"p1540","n1500","n791",4.048,150,130
"p1541","n791","n1498",72.49,150,130
"p1542","n1498","n1501",75.13,150,130
"p1543","n1501","n1502",72.47,150,130
"p1544","n1503","n1496",42.13,100,130
"p1545","n1502","n743",119,150,130
"p1546","n1504","n1505",112.6,150,130
"p1547","n1505","n1506",36.94,150,130
"p1548","n1507","n1508",161.2,150,130
"p1549","n747","n1509",34.82,200,130
"p1550","n1509","n1510",23.69,200,130
"p1551","n1510","n1511",112.1,200,130
"p1552","n742","n1512",85.21,100,130
"p1553","n742","n1506",24.18,150,130
"p1554","n1506","n1508",35.06,150,130
"p1555","n1508","n1513",97.87,150,130
"p1556","n1492","n1514",76.05,100,130
"p1557","n1499","n1515",90.92,100,130
"p1558","n1515","n1503",10.32,100,130
"p1559","n1511","n1516",117.1,200,130
"p1560","n1516","n1517",178.6,200,130
"p1561","n1517","n1518",4.427,200,130
"p1562","n1519","n1512",101.7,100,130
"p1563","n1519","n1520",67.23,100,130
"p1564","n1496","n1519",76.49,100,130
"p1565","n1522","n1523",194.7,100,130
"p1566","n1522","n1521",6.167,100,130
"p1567","n1524","n1523",53.09,100,130
"p1568","n1525","n1526",3.806,100,130
"p1569","n546","n1527",51.01,150,130
"p1570","n1528","n1529",82.18,100,130
"p1571","n1530","n1526",96.11,100,130
"p1572","n1531","n664",48.82,100,130
"p1573","n516","n1532",89.47,100,130
"p1574","n1532","n443",2.583,100,130
"p1575","n1201","n1533",135.6,150,130
"p1576","n1533","n1534",62.08,150,130
"p1577","n1534","n570",119.4,150,130
"p1578","n751","n512",7.588,150,130
"p1579","n1535","n684",7.055,150,130
"p1580","n572","n571",34.36,150,130
"p1581","n573","n655",5.476,150,130
"p1582","n655","n1531",80.01,150,130
"p1583","n1531","n566",3.812,100,130
"p1584","n1529","n1536",27.28,150,130
"p1585","n569","n565",6.707,100,130
"p1586","n1525","n1537",92.73,150,130
"p1587","n1537","n552",90.42,150,130
"p1588","n1529","n543",6.263,100,130
"p1589","n532","n1538",83.22,100,130
"p1590","n552","n1539",3.115,100,130
"p1591","n485","n487",2.904,100,130
"p1592","n436","n513",242.4,150,130
"p1593","n1540","n1541",5.784,150,130
"p1594","n1541","n1542",226.5,150,130
"p1595","n513","n1542",4.939,150,130
"p1596","n1542","n518",28.63,150,130
"p1597","n751","n1543",11.19,200,130
"p1598","n1543","n750",2.588,200,130
"p1599","n749","n1204",27.51,200,130
"p1600","n1204","n1544",6.715,200,130
"p1601","n1544","n1545",87.13,200,130
"p1602","n1546","n1547",1.491,100,130
"p1603","n1547","n1548",163.7,100,130
"p1604","n1549","n1546",5.284,100,130
"p1605","n1546","n1550",4.628,100,130
"p1606","n1551","n1552",29.89,100,130
"p1607","n1553","n1554",22.12,100,130
"p1608","n1554","n1555",30.34,100,130
"p1609","n1555","n1556",22.37,100,130
"p1610","n1556","n1557",21.12,100,130
"p1611","n1557","n1558",17.1,100,130
"p1612","n1558","n1559",21.32,100,130
"p1613","n1560","n1561",22.3,100,130
"p1614","n1561","n1562",30.34,100,130
"p1615","n1562","n1563",22.81,100,130
"p1616","n1563","n1564",20.68,100,130
"p1617","n1564","n1565",17.1,100,130
"p1618","n1565","n1566",20.78,100,130
"p1619","n1567","n1560",74.06,100,130
"p1620","n1568","n1569",5.041,100,130
"p1621","n754","n1570",8.864,200,130
"p1622","n1571","n1572",8.926,100,130
"p1623","n1572","n1573",42.71,100,130
"p1624","n1568","n1574",8.364,200,130
"p1625","n1574","n1575",28.97,200,130
"p1626","n1575","n752",134.3,200,130
"p1627","n753","n1568",60.19,200,130
"p1628","n1560","n1553",5.552,100,130
"p1629","n1553","n1569",32.59,100,130
"p1630","n1569","n1576",60.62,100,130
"p1631","n1567","n1577",17.47,100,130
"p1632","n1578","n1579",64.9,100,130
"p1633","n1580","n1581",90.91,100,130
"p1634","n1552","n1582",93.02,100,130
"p1635","n1583","n1580",56.9,100,130
"p1636","n1584","n1585",110.4,100,130
"p1637","n1578","n1548",26.7,100,130
"p1638","n1518","n1586",16.51,200,130
"p1639","n1586","n1587",47.16,200,130
"p1640","n1587","n1588",31.78,200,130
"p1641","n1588","n1589",8.043,200,130
"p1642","n1589","n1590",30.38,200,130
"p1643","n1590","n1591",23.39,200,130
"p1644","n1591","n1592",10.36,200,130
"p1645","n1592","n1593",57.41,200,130
"p1646","n1593","n1594",5.915,200,130
"p1647","n1594","n1595",23.67,200,130
"p1648","n1595","n449",50.01,200,130
"p1649","n1596","n1597",4.103,100,130
"p1650","n1597","n1598",4.73,100,130
"p1651","n448","n1599",39.64,200,130
"p1652","n1599","n1598",31.35,200,130
"p1653","n1600","n1601",69.94,200,130
"p1654","n1602","n1603",27.04,100,130
"p1655","n1604","n1605",164.7,100,130
"p1656","n1605","n1606",38.49,100,130
"p1657","n1606","n1607",72.17,100,130
"p1658","n1551","n1608",41.22,100,130
"p1659","n1601","n1609",49.94,100,130
"p1660","n1551","n1602",68.58,100,130
"p1661","n1602","n1550",64.21,100,130
"p1662","n1585","n1610",49.76,200,130
"p1663","n1585","n1583",20.72,100,130
"p1664","n1611","n1609",81.28,100,130
"p1665","n1611","n1612",125.2,100,130
"p1666","n1612","n1613",3.539,100,130
"p1667","n1613","n1614",62.08,100,130
"p1668","n1615","n1584",71.32,100,130
"p1669","n1616","n1617",94.6,100,130
"p1670","n1618","n1614",67.12,200,130
"p1671","n1619","n1620",5.38,100,130
"p1672","n1621","n1622",49.93,100,130
"p1673","n1623","n1624",52.93,100,130
"p1674","n1624","n1615",19.01,100,130
"p1675","n1625","n1619",34.13,100,130
"p1676","n1619","n1626",74.93,100,130
"p1677","n1627","n1628",19.07,100,130
"p1678","n1622","n1629",140,100,130
"p1679","n1630","n1623",138.2,100,130
"p1680","n1631","n1632",120.5,100,130
"p1681","n1631","n1633",43.61,100,130
"p1682","n1634","n1635",11.19,100,130
"p1683","n1635","n1633",14.23,100,130
"p1684","n1636","n1632",72.8,150,130
"p1685","n1637","n1638",122.7,200,130
"p1686","n1638","n1639",11.06,200,130
"p1687","n1639","n1618",73.78,200,130
"p1688","n1640","n1641",348.2,250,130
"p1689","n1615","n1642",114.1,100,130
"p1690","n1607","n1643",33.2,100,130
"p1691","n1643","n1644",22.88,100,130
"p1692","n1607","n1596",140.1,100,130
"p1693","n1596","n1603",50.02,100,130
"p1694","n1645","n1646",200.5,100,130
"p1695","n1646","n1647",73.91,100,130
"p1696","n1647","n1648",17.82,100,130
"p1697","n1648","n1649",30.61,100,130
"p1698","n1649","n1650",16.43,100,130
"p1699","n1651","n1652",14.26,200,130
"p1700","n1652","n1653",12.43,200,130
"p1701","n1653","n1654",58.05,200,130
"p1702","n1655","n1656",3.146,100,130
"p1703","n1657","n1658",11.19,150,130
"p1704","n1658","n1645",33.51,150,130
"p1705","n1659","n1660",2.551,250,130
"p1706","n1661","n1662",24.93,250,130
"p1707","n1662","n1640",58.1,250,130
"p1708","n1663","n1664",20.51,150,130
"p1709","n1664","n1665",32.05,150,130
"p1710","n1665","n1666",57.45,150,130
"p1711","n1666","n223",39.01,150,130
"p1712","n1667","n1668",207.4,100,130
"p1713","n1669","n1650",55.91,100,130
"p1714","n1670","n1671",84.2,100,130
"p1715","n1671","n1672",60.27,100,130
"p1716","n1672","n1571",14.71,100,130
"p1717","n1634","n1668",64.53,100,130
"p1718","n1633","n1621",19.61,100,130
"p1719","n1668","n1669",13.64,100,130
"p1720","n454","n1669",6.492,100,130
"p1721","n1670","n1650",14.56,100,130
"p1722","n448","n1673",2.775,200,130
"p1723","n1610","n1601",12.44,200,130
"p1724","n1620","n1674",77.66,150,130
"p1725","n1585","n1675",104.8,200,130
"p1726","n1675","n1223",3.328,200,130
"p1727","n1518","n1492",3.028,200,130
"p1728","n1491","n1490",49.94,150,130
"p1729","n1489","n1493",7.396,150,130
"p1730","n1495","n1501",143.3,100,130
"p1731","n1524","n1503",1.162,100,130
"p1732","n1503","n1676",127.4,100,130
"p1733","n1514","n1677",5.42,100,130
"p1734","n1492","n1678",6.29,100,130
"p1735","n1614","n1678",82.61,200,130
"p1736","n1614","n1679",2.572,100,130
"p1737","n1611","n1644",21.18,100,130
"p1738","n1601","n1608",31.82,100,130
"p1739","n1598","n1600",5.24,200,130
"p1740","n1680","n1681",13.4,700,130
"p1741","n1682","n1683",82.56,100,130
"p1742","n1683","n1376",10.18,100,130
"p1743","n1376","n1684",141.8,100,130
"p1744","n1684","n1685",164.4,100,130
"p1745","n1685","n1686",38.99,100,130
"p1746","n1687","n1688",64.15,100,130
"p1747","n1325","n1689",30.83,150,130
"p1748","n1689","n1690",6.234,150,130
"p1749","n1690","n1691",8.154,150,130
"p1750","n1691","n1692",72.08,150,130
"p1751","n1692","n1693",26.03,150,130
"p1752","n1383","n1694",39.94,100,130
"p1753","n1694","n1695",82.12,100,130
"p1754","n1696","n1697",5.04,100,130
"p1755","n1697","n1698",81.94,100,130
"p1756","n1698","n1699",6.859,100,130
"p1757","n1700","n1699",78.67,100,130
"p1758","n1699","n1701",33.84,100,130
"p1759","n1701","n1702",7.08,100,130
"p1760","n1702","n1703",5.177,100,130
"p1761","n1703","n1704",8.665,100,130
"p1762","n1704","n1705",16.77,100,130
"p1763","n1705","n1706",9.332,100,130
"p1764","n1706","n1707",18.41,100,130
"p1765","n1707","n1708",10.75,100,130
"p1766","n1708","n1709",5.543,100,130
"p1767","n1709","n1710",6.375,100,130
"p1768","n1710","n1711",4.408,100,130
"p1769","n1712","n1713",62.99,100,130
"p1770","n1713","n1696",8.665,100,130
"p1771","n1696","n1714",19.7,200,130
"p1772","n1714","n1715",26.2,200,130
"p1773","n1715","n1716",29.07,200,130
"p1774","n1716","n1711",20.55,200,130
"p1775","n1711","n1717",7.55,200,130
"p1776","n1470","n1718",63.1,200,130
"p1777","n1718","n1719",2.534,200,130
"p1778","n1719","n1720",3.001,200,130
"p1779","n1367","n1721",86.82,100,130
"p1780","n1712","n1722",201.9,100,130
"p1781","n1723","n1724",48.49,100,130
"p1782","n1725","n1726",8.576,100,130
"p1783","n1726","n1352",49.09,100,130
"p1784","n1727","n1728",31.84,100,130
"p1785","n1728","n1729",59.96,100,130
"p1786","n1730","n1731",22.55,100,130
"p1787","n1731","n1732",70.31,100,130
"p1788","n1732","n1733",15.49,100,130
"p1789","n1733","n1734",59.59,100,130
"p1790","n1735","n1736",72.68,100,130
"p1791","n1737","n1335",89.1,100,130
"p1792","n1738","n1725",82.48,100,130
"p1793","n1739","n1740",14.16,100,130
"p1794","n1741","n1723",98.14,100,130
"p1795","n1742","n1743",75.29,100,130
"p1796","n1353","n1744",75.57,100,130
"p1797","n1347","n1741",161.6,100,130
"p1798","n1722","n1745",49.4,100,130
"p1799","n1746","n1747",68.17,100,130
"p1800","n1747","n1748",27.76,100,130
"p1801","n1338","n1749",12.73,150,130
"p1802","n1750","n1339",8.617,150,130
"p1803","n1735","n1748",68.88,100,130
"p1804","n1751","n1340",31.33,100,130
"p1805","n1336","n1752",82.05,100,130
"p1806","n1753","n1754",54.9,100,130
"p1807","n1755","n1756",5.387,100,130
"p1808","n1757","n1758",73.22,150,130
"p1809","n1759","n1760",71.28,100,130
"p1810","n1761","n1762",69.16,100,130
"p1811","n1743","n1763",13.89,100,130
"p1812","n1764","n1765",67.45,100,130
"p1813","n1766","n1767",28.04,100,130
"p1814","n1767","n1756",69.56,100,130
"p1815","n1768","n1769",71.95,100,130
"p1816","n1770","n1771",75.65,100,130
"p1817","n1771","n1772",72.11,100,130
"p1818","n1770","n1773",105.7,100,130
"p1819","n1774","n1746",69.88,100,130
"p1820","n1775","n1750",31.54,150,130
"p1821","n1764","n1363",110.7,100,130
"p1822","n1759","n1753",4.852,100,130
"p1823","n1776","n1777",4.02,100,130
"p1824","n1778","n1769",5.306,100,130
"p1825","n1779","n1780",3.259,100,130
"p1826","n1781","n1782",6.454,100,130
"p1827","n1783","n1784",113.7,100,130
"p1828","n1782","n1779",108.5,100,130
"p1829","n1765","n1781",90.69,100,130
"p1830","n1785","n1778",110.7,100,130
"p1831","n1786","n1785",52.97,100,130
"p1832","n1787","n1788",118.3,100,130
"p1833","n1788","n1789",12.33,100,130
"p1834","n1789","n1790",130.1,100,130
"p1835","n1790","n1627",24.38,100,130
"p1836","n1627","n1786",72,100,130
"p1837","n1762","n1791",55.44,150,130
"p1838","n1791","n1772",55.76,150,130
"p1839","n1792","n458",4.009,100,130
"p1840","n1793","n1792",44.44,100,130
"p1841","n1794","n1795",50.96,75,130
"p1842","n1795","n1796",54.58,75,130
"p1843","n1796","n1797",32.73,75,130
"p1844","n1798","n1799",68.99,150,130
"p1845","n1799","n1800",122.5,100,130
"p1846","n1800","n1801",71.44,100,130
"p1847","n1802","n192",6.704,150,130
"p1848","n1803","n456",8.274,100,130
"p1849","n1804","n1805",4.092,100,130
"p1850","n1800","n1806",2.025,100,130
"p1851","n220","n1752",48.61,100,130
"p1852","n191","n1807",17.96,100,130
"p1853","n1807","n1737",24.41,100,130
"p1854","n1805","n1803",66.96,100,130
"p1855","n1308","n1804",99.2,100,130
"p1856","n1798","n1801",101.7,100,130
"p1857","n1808","n1655",150.3,100,130
"p1858","n1809","n1810",60.9,150,130
"p1859","n1810","n1659",9.494,150,130
"p1860","n1811","n1812",19.6,150,130
"p1861","n1812","n1813",44.64,150,130
"p1862","n1813","n1814",5.523,150,130
"p1863","n1815","n1816",22.33,150,130
"p1864","n1816","n1817",28.65,150,130
"p1865","n1817","n1818",30.86,150,130
"p1866","n1818","n1819",30.67,150,130
"p1867","n1819","n1820",19.79,150,130
"p1868","n1821","n1822",28.64,150,130
"p1869","n1822","n1823",28.62,150,130
"p1870","n1824","n1825",23.17,150,130
"p1871","n1825","n1826",29.24,150,130
"p1872","n1826","n1827",19.12,150,130
"p1873","n1828","n1811",9.089,150,130
"p1874","n1808","n1793",129.8,100,130
"p1875","n1814","n1794",5.157,75,130
"p1876","n444","n1829",132,150,130
"p1877","n1722","n1830",99.01,100,130
"p1878","n1722","n1831",87.48,100,130
"p1879","n1820","n1832",80.94,100,130
"p1880","n1832","n1833",23.75,100,130
"p1881","n1824","n1834",70.33,100,130
"p1882","n1834","n1835",76.73,100,130
"p1883","n1828","n1827",0.6253,150,130
"p1884","n1824","n1823",7.45,150,130
"p1885","n1821","n1820",11.3,150,130
"p1886","n1808","n1828",3.041,100,130
"p1887","n458","n1829",10.57,100,130
"p1888","n1829","n1835",76.35,150,130
"p1889","n1835","n1833",77.52,150,130
"p1890","n1833","n1836",124.5,150,130
"p1891","n197","n1801",72.41,100,130
"p1892","n1798","n1308",1.86,150,130
"p1893","n1308","n1802",67.12,150,130
"p1894","n1837","n1806",3.402,100,130
"p1895","n1806","n1805",73.98,100,130
"p1896","n1300","n183",2.987,100,130
"p1897","n1301","n183",74.17,250,130
"p1898","n1405","n834",9.09,150,130
"p1899","n1814","n1809",2.014,150,130
"p1900","n1656","n1838",4.552,100,130
"p1901","n1838","n1657",20.03,150,130
"p1902","n455","n1660",3.254,200,130
"p1903","n1660","n456",41.79,200,130
"p1904","n1660","n1663",4.217,250,130
"p1905","n1663","n1661",1.012,250,130
"p1906","n1632","n1629",71.93,150,130
"p1907","n1629","n1630",5.583,150,130
"p1908","n1630","n1642",74.23,150,130
"p1909","n1642","n1616",69.9,150,130
"p1910","n1616","n1674",55.57,150,130
"p1911","n1642","n1637",3.48,100,130
"p1912","n1663","n1651",1.927,100,130
"p1913","n1651","n1838",1.914,100,130
"p1914","n1838","n1667",4.612,100,130
"p1915","n1637","n1839",225.7,200,130
"p1916","n1615","n1617",63.21,100,130
"p1917","n1617","n1625",13.83,100,130
"p1918","n1622","n1623",4.887,100,130
"p1919","n1620","n1679",70.93,150,130
"p1920","n1679","n1675",81.65,150,130
"p1921","n785","n781",7.637,150,130
"p1922","n1536","n404",20.22,150,130
"p1923","n1529","n1531",54.05,150,130
"p1924","n648","n546",7.646,150,130
"p1925","n1335","n1738",4.284,100,130
"p1926","n1335","n1840",8.442,150,130
"p1927","n1338","n1337",1.206,150,130
"p1928","n1746","n1757",4.361,150,130
"p1929","n1757","n1775",37.86,150,130
"p1930","n1336","n1840",51.95,150,130
"p1931","n1841","n1336",1.994,100,130
"p1932","n1340","n1841",1.373,100,130
"p1933","n1340","n1339",105.6,100,130
"p1934","n1329","n1334",4.742,100,130
"p1935","n1751","n1748",7.395,100,130
"p1936","n1735","n1842",3.711,100,130
"p1937","n1842","n1843",2.711,100,130
"p1938","n1774","n1773",58.23,100,130
"p1939","n1770","n1844",6.04,100,130
"p1940","n1756","n1768",7.559,100,130
"p1941","n1769","n1780",89.45,100,130
"p1942","n1780","n1845",63.96,100,130
"p1943","n1787","n1760",7.105,100,130
"p1944","n1759","n1736",77.2,100,130
"p1945","n1735","n1349",91.94,100,130
"p1946","n1345","n1357",3.35,100,130
"p1947","n1356","n1345",4.731,100,130
"p1948","n1347","n1842",1.192,100,130
"p1949","n1842","n1774",74.26,100,130
"p1950","n1774","n1846",79.09,100,130
"p1951","n1846","n1847",69.09,100,130
"p1952","n1847","n1848",116.3,100,130
"p1953","n1847","n1849",63.74,100,130
"p1954","n1762","n1847",57.42,150,130
"p1955","n1762","n1783",90.3,100,130
"p1956","n1783","n1850",46.86,100,130
"p1957","n1761","n1754",4.731,100,130
"p1958","n1754","n1744",75.57,100,130
"p1959","n1364","n1341",4.954,100,130
"p1960","n1341","n1830",93.59,100,130
"p1961","n1327","n1364",5.481,100,130
"p1962","n1364","n1368",90.36,100,130
"p1963","n1730","n1729",8.18,100,130
"p1964","n1851","n1852",34.75,100,130
"p1965","n1687","n1851",126.7,100,130
"p1966","n1853","n1687",0.4144,250,130
"p1967","n1776","n1688",0.2936,100,130
"p1968","n1776","n1853",64.27,250,130
"p1969","n1362","n1730",99.76,150,130
"p1970","n1730","n1361",44.24,150,130
"p1971","n1741","n1739",4.023,100,130
"p1972","n1739","n1362",2.432,100,130
"p1973","n1362","n1831",6.686,100,130
"p1974","n1772","n1777",1.235,100,130
"p1975","n1772","n1784",89.52,100,130
"p1976","n1784","n1854",97.06,100,130
"p1977","n1782","n1855",9.06,100,130
"p1978","n1764","n1856",4.738,100,130
"p1979","n1856","n1763",61.49,100,130
"p1980","n1351","n1354",4.783,100,130
"p1981","n1354","n1857",92.95,100,130
"p1982","n1352","n1857",3.513,100,130
"p1983","n1857","n1727",6.223,100,130
"p1984","n1857","n1742",94.7,100,130
"p1985","n1352","n1355",93.04,100,130
"p1986","n1355","n1858",4.78,100,130
"p1987","n1858","n232",107.4,100,130
"p1988","n1328","n226",43.74,100,130
"p1989","n226","n1351",59.59,100,130
"p1990","n1351","n1858",3.6,100,130
"p1991","n1858","n1345",57.96,100,130
"p1992","n1754","n1856",4.191,100,130
"p1993","n1856","n1755",102.7,100,130
"p1994","n1764","n1761",4.212,100,130
"p1995","n1761","n1846",56.49,100,130
"p1996","n1363","n1776",69.52,250,130
"p1997","n1089","n1090",117,150,130
"p1998","n419","n479",5.649,100,130
"p1999","n1859","n1860",88.69,100,130
"p2000","n322","n1859",6.917,100,130
"p2001","n378","n1861",64.8,100,130
"p2002","n462","n1862",8.734,100,130
"p2003","n1862","n1863",48.64,100,130
"p2004","n1864","n1865",66.6,100,130
"p2005","n1866","n1867",13.21,200,130
"p2006","n1867","n382",9.42,200,130
"p2007","n408","n1864",67.2,100,130
"p2008","n407","n1866",5.005,200,130
"p2009","n406","n1868",59.23,100,130
"p2010","n1868","n401",13.24,100,130
"p2011","n1098","n1869",7.556,75,130
"p2012","n1869","n1870",9.627,75,130
"p2013","n1870","n1871",8.528,75,130
"p2014","n1871","n1872",4.259,75,130
"p2015","n1872","n1873",168.7,75,130
"p2016","n1873","n1874",81.23,75,130
"p2017","n1874","n1875",107.6,75,130
"p2018","n1875","n1876",67.11,75,130
"p2019","n1876","n1877",77.22,75,130
"p2020","n1877","n1871",4.838,75,130
"p2021","n1878","n146",92.84,150,130
"p2022","n156","n1879",36.67,100,130
"p2023","n1879","n1880",8.168,100,130
"p2024","n1880","n1881",118.4,100,130
"p2025","n1881","n1882",73.51,100,130
"p2026","n1883","n158",5.647,100,130
"p2027","n1884","n1883",10.45,100,130
"p2028","n267","n1884",8.747,100,130
"p2029","n242","n1885",223.8,75,130
"p2030","n288","n157",228,100,130
"p2031","n291","n1886",7.423,100,130
"p2032","n1886","n159",223.7,100,130
"p2033","n285","n1887",10.07,100,130
"p2034","n1887","n287",5.797,100,130
"p2035","n278","n291",22.53,100,130
"p2036","n1888","n1889",14.3,100,130
"p2037","n1889","n1890",18.96,100,130
"p2038","n1890","n1891",27.57,100,130
"p2039","n1891","n1892",68.61,100,130
"p2040","n316","n1888",5.964,100,130
"p2041","n1893","n1894",115.3,100,130
"p2042","n355","n1893",9.147,100,130
"p2043","n310","n1895",6.828,100,130
"p2044","n1895","n309",6.376,100,130
"p2045","n327","n1896",9.071,100,130
"p2046","n1896","n1897",27.91,100,130
"p2047","n1897","n1898",23.24,100,130
"p2048","n1898","n315",79.78,100,130
"p2049","n1899","n1900",198.9,150,130
"p2050","n1899","n1901",18.88,150,130
"p2051","n1901","n1902",3.303,150,130
"p2052","n241","n239",7.722,150,130
"p2053","n244","n1903",0.8536,100,130
"p2054","n1903","n1904",4.873,100,130
"p2055","n1904","n1905",184,100,130
"p2056","n1905","n269",4.676,100,130
"p2057","n253","n1906",35.11,600,130
"p2058","n1906","n1907",141,600,130
"p2059","n1900","n1908",37.13,150,130
"p2060","n1908","n1909",59.73,150,130
"p2061","n273","n1910",2.569,100,130
"p2062","n1910","n1911",6.094,100,130
"p2063","n1911","n246",3.73,100,130
"p2064","n1907","n1912",254.6,600,130
"p2065","n248","n1913",354.9,100,130
"p2066","n1909","n1914",363.1,150,130
"p2067","n264","n1915",103.5,100,130
"p2068","n1158","n1180",2.28,200,130
"p2069","n1166","n1165",2.544,200,130
"p2070","n994","n995",3,85,130
"p2071","n962","n961",2.998,150,130
"p2072","n1001","n1002",3,50,130
"p2073","n1018","n1017",5.53,100,130
"p2074","n1015","n1014",2.599,100,130
"p2075","n98","n97",2.599,700,130
"p2076","n96","n95",2.6,700,130
"p2077","n1188","n141",2.597,150,130
"p2078","n1133","n1132",3,100,130
"p2079","n1380","n1381",6.078,100,130
"p2080","n830","n829",2.599,100,130
"p2081","n126","n125",2.6,100,130
"p2082","n124","n123",2.598,100,130
"p2083","n916","n915",3,100,130
"p2084","n914","n913",3,100,130
"p2085","n917","n918",2.999,110,130
"p2086","n919","n920",3,110,130
"p2087","n385","n488",5.578,100,130
"p2088","n298","n303",5.982,100,130
"p2089","n1910","n270",2.577,100,130
"p2090","n508","n511",4.729,150,130
"p2091","n21","n22",2.421,75,130
