"ID","Elev","X-Coord","Y-Coord"
"n1",9.30259,288569.82,9099062.49
"n2",9.52589,288548.98,9099066.21
"n3",17.28224,288391.27,9099090.96
"n4",21.6821,288323.32,9099101.63
"n5",13.39839,288462.32,9099079.81
"n6",9.72405,288535.64,9099068.3
"n7",13.78664,288461.04,9099072.78
"n8",13.26243,288463.79,9099087.85
"n9",17.60733,288390.1,9099083.85
"n10",17.10454,288392.28,9099097.09
"n11",7.48,288593.02,9099400.17
"n12",8.65,288564.13,9099233.07
"n13",13.94885,288515.81,9098953.63
"n14",9.13881,288608.09,9099045.23
"n15",8.54,288659.86,9099365.91
"n16",8.49,288660,9099365.82
"n17",8.8,288636.67,9099221.76
"n18",9.2042,288593.26,9098953.63
"n19",8.755,288635.78,9099216.21
"n20",12.0125,288341.49,9099268.16
"n21",12.09,288340.85,9099265
"n22",12.24,288340.38,9099262.62
"n23",10.046,288489.12,9099239
"n24",8.66185,288561.46,9099233.49
"n25",11.32667,288419.42,9099255.65
"n26",8.62,288557.89,9099228.45
"n27",9.4011,288548.44,9099173.03
"n28",10.49,288425.59,9099295.33
"n29",10.92,288482.78,9099198.36
"n30",8.66,288563.19,9099227.62
"n31",12.07333,288348.56,9099266.9
"n32",10.89458,288356.99,9099314.65
"n33",11.37811,287974.26,9099330.42
"n34",7.478,288590.6,9099401.39
"n35",8.65,288560.51,9099228.04
"n36",9.45275,288544.17,9099133.93
"n37",7.42333,288591.99,9099400.68
"n38",6.204,288593.9,9099405.57
"n39",5.388,288503.24,9099453.63
"n40",6.58112,288682.14,9099500.08
"n41",7.28,288574.66,9099527.55
"n42",8.475,288456.73,9099568.56
"n43",8.2,288362.26,9099647.09
"n44",8.89,288265.28,9099744.77
"n45",8.61534,288227.81,9099728.93
"n46",8.62667,288212.34,9099722.4
"n47",8.515,288147.3,9099689.82
"n48",8.65,288060.97,9099657.27
"n49",8.49937,288013.74,9099651.58
"n50",8.56723,287966.5,9099651.58
"n51",8.56536,287966.26,9099656.87
"n52",8.56,288019.85,9099655.24
"n53",8.724,288057.31,9099660.12
"n54",8.69258,288271.5,9099756.55
"n55",8.29,288301.57,9099717.51
"n56",8.77,288424.56,9099604.36
"n57",8.36,288481.56,9099565.34
"n58",8.06,288572.58,9099533.44
"n59",8.938,288683.7,9099510.27
"n60",8.00773,288222.07,9099565.72
"n61",8.85,288674.89,9099453.63
"n62",8.43,288663.22,9099363.96
"n63",9.22428,288595.08,9098953.63
"n64",7.45415,288751.41,9099953.63
"n65",8.938,288683.56,9099510.3
"n66",7.77,288824.76,9100453.63
"n67",7.945,288848.92,9100602.51
"n68",7.77878,288824.94,9100455.36
"n69",8.65,288909.65,9100953.63
"n70",7.6,288857.41,9100642.47
"n71",9.072,288679.94,9099453.63
"n72",9.26021,288598.09,9098953.63
"n73",7.5495,288757.34,9099953.52
"n74",8.45872,288837.49,9100453.63
"n75",9.02,288923.3,9100953.63
"n76",8.275,288872.33,9100652.67
"n77",8.35333,288852.87,9100552.24
"n78",8.8475,288916.96,9100953.63
"n79",8.15,288860.3,9100623.09
"n80",8.085,288859.21,9100614
"n81",8.23,288875.78,9100589.34
"n82",8.25511,288876.5,9100591.71
"n83",8.14747,288871.72,9100597.86
"n84",8.37814,288864.41,9100607.3
"n85",8.1525,288874.83,9100584.94
"n86",8.49333,288694.94,9099453.63
"n87",8.78,288708.4,9099547.28
"n88",8.22333,288741.19,9099759.36
"n89",8.13,288744.69,9099784.58
"n90",7.52905,288768.21,9099953.63
"n91",8.04,288848.3,9100453.63
"n92",8.3,288733.65,9099786.32
"n93",8.51,288730.54,9099764.6
"n94",8.0925,288739.87,9099762.32
"n95",8.07,288740.27,9099762.22
"n96",8.15,288742.79,9099761.6
"n97",8.176,288746.36,9099760.73
"n98",8.13,288748.88,9099760.11
"n99",6.77,288916.68,9099719.06
"n100",6.3,288964.72,9099694.6
"n101",6.0266,289020.27,9099666.9
"n102",5.98861,289024.2,9099664.98
"n103",6.02336,289028.77,9099662.95
"n104",7.69551,289086.06,9099636.64
"n105",7.602,289105.18,9099627.83
"n106",7.57461,289118.47,9099621.71
"n107",6.212,289319.71,9099531.63
"n108",6.25,289322.6,9099530.39
"n109",2.94,289343.63,9099529.77
"n110",6.27105,289358.83,9099521.7
"n111",7.46667,289479.89,9099462.76
"n112",7.70677,289500.71,9099453.63
"n113",7.76333,289571.76,9099423.39
"n114",7.69,289575.55,9099421.64
"n115",7.3,289624.44,9099400.19
"n116",7.17444,289652.85,9099386.76
"n117",7.2275,289668.54,9099379.17
"n118",7.222,289677.49,9099374.88
"n119",7.22077,289716.95,9099356.1
"n120",6.72,289757.13,9099336.95
"n121",6.265,289841.18,9099296.93
"n122",3.35,289933.94,9099252.55
"n123",4.465,290017.31,9099211.13
"n124",4.4975,290019.63,9099209.98
"n125",4.51,290022.22,9099208.69
"n126",4.55125,290024.55,9099207.54
"n127",3.855,290096.85,9099171.62
"n128",8.67,288700.09,9099449.08
"n129",8.81031,288753.11,9099439.07
"n130",8.578,288765.47,9099439.25
"n131",7.355,288797.67,9099439.73
"n132",8.135,288817.18,9099435.37
"n133",7.96033,288818.18,9099735.4
"n134",4.26489,288767.85,9099453.63
"n135",7.57,288819.51,9099742.83
"n136",8.12,288748.17,9099764.38
"n137",7.96,288778.13,9099757.14
"n138",7.814,288814.47,9099748.48
"n139",7.56557,288887.94,9099730.95
"n140",7.716,288811.85,9099736.66
"n141",7.74,288813.81,9099745.5
"n142",7.45028,288777.35,9099953.63
"n143",8.115,288747.22,9099758.22
"n144",8.64882,288699.48,9099453.63
"n145",7.78,288857.2,9100453.63
"n146",8.42648,288878.46,9100578.64
"n147",8.488,288879.56,9100585.1
"n148",8.28,288938.16,9100953.63
"n149",8.27667,288932.37,9100917.84
"n150",8.32557,288934.09,9100911.28
"n151",7.76,288895.83,9100681.09
"n152",7.905,288887.25,9100629.47
"n153",8.33,288953.73,9101041.71
"n154",8.455,288956.87,9101045.38
"n155",7.78467,288966.64,9101128.2
"n156",7.37743,288977.6,9101190.96
"n157",6.92,288987.98,9101250.42
"n158",6.75,288992.45,9101276.05
"n159",6.47547,288999.27,9101315.08
"n160",5.905,289007.26,9101360.85
"n161",4.78,289023.45,9101453.63
"n162",8.16,289060.22,9100650.23
"n163",8.815,288967.64,9100665.52
"n164",7.60102,289062.05,9100534.2
"n165",7.97,289077.68,9100591.23
"n166",8.238,289067.59,9100631.06
"n167",8.11545,289051.28,9100673.48
"n168",7.75333,289085.62,9100527.69
"n169",7.945,288967.39,9100561.19
"n170",7.905,288887.14,9100629.66
"n171",7.71,288916.56,9100582.06
"n172",7.75333,289085.53,9100527.37
"n173",8.14,289135.53,9100513.35
"n174",8.63667,289194.17,9100496.65
"n175",8.6825,289200.46,9100496.46
"n176",8.785,289208.95,9100500.42
"n177",8.8,289221,9100493.01
"n178",8.828,289227.87,9100494.83
"n179",0.65538,289437.83,9100523.9
"n180",8.09472,288869.3,9100586.83
"n181",7.54,288966.68,9100554.67
"n182",8.8,289221.95,9100497.47
"n183",8.7625,289210.39,9100503.46
"n184",8.5225,289182.75,9100495.09
"n185",8.3,289160.66,9100498.38
"n186",7.98,289131.98,9100506.26
"n187",7.618,289102.18,9100514.44
"n188",7.43,289059.13,9100527.38
"n189",8.73,289240.2,9100493.82
"n190",8.8525,289228.82,9100492.21
"n191",8.2825,289255.01,9100495.47
"n192",5.925,289344.32,9100508.43
"n193",5.93,289345.13,9100508.61
"n194",3.31949,289468.32,9100528.89
"n195",3.085,289627.05,9100550.18
"n196",4.04,289424.3,9100524.93
"n197",3.965,289423.42,9100524.93
"n198",4.72,289384.59,9100518.52
"n199",6.51,289320.05,9100509.94
"n200",8.444,289251.76,9100500.18
"n201",8.78,289228.97,9100497.53
"n202",8.85,289216.52,9100493.78
"n203",8.82,289205.48,9100493.78
"n204",8.63,289190.08,9100495.35
"n205",8.28,289161.42,9100500.8
"n206",7.64,289086.89,9100522.59
"n207",8.46,289092.92,9100554.42
"n208",8.15,289099.01,9100578.05
"n209",7.975,289103.43,9100594.07
"n210",6.49,289188.29,9100689.68
"n211",5.48375,289197.14,9100722.83
"n212",3.744,289212.33,9100787.66
"n213",5.38257,289156.78,9100801.62
"n214",6.48489,289145.8,9100754.56
"n215",6.73,289123.05,9100669.8
"n216",6.2,289160.21,9100731.81
"n217",7.14833,289120.93,9100670.31
"n218",6.6,289178.03,9100655.4
"n219",6.38,289238.98,9100639.48
"n220",6.828,289316,9100501.68
"n221",7.41,289299.79,9100499.64
"n222",8.41759,289258.4,9100494.03
"n223",6.535,289319.95,9100502.18
"n224",7.618,289102.31,9100514.86
"n225",8.25,289083.77,9100453.52
"n226",6.21339,289134.59,9100184.24
"n227",5.98,289030.39,9100208.82
"n228",8.188,289081.82,9100444.57
"n229",8.22,289069.22,9100387.14
"n230",8.31608,289068.41,9100382.82
"n231",8.0403,289055.98,9100325.95
"n232",7.535,289043.78,9100269.22
"n233",7.61333,289042.92,9100265.63
"n234",8.52375,288930.53,9100953.63
"n235",8.18137,288875.06,9100625.13
"n236",8.17,288863.32,9100547.02
"n237",7.48,288966.64,9101170.44
"n238",4.59,289015.87,9101453.63
"n239",8.46,288938.93,9101004.33
"n240",7.494,288966.64,9101171.85
"n241",9.0425,288931.31,9101005.59
"n242",7.292,288966.64,9101233.12
"n243",8.86282,288923.53,9100992.77
"n244",8.29,288815.74,9101075.63
"n245",8.2925,288770.35,9101110.51
"n246",8.24,288745.56,9101126.08
"n247",8.33,288723.34,9101139.75
"n248",8.51717,288669.03,9101191.36
"n249",8.7175,288917.18,9100989.19
"n250",8.39,288860.97,9101035.19
"n251",8.51,288836.49,9101054.84
"n252",8.45,288773.21,9101104.09
"n253",8.5475,288715.96,9101142.58
"n254",8.24,288864.08,9101049.48
"n255",8.41333,288863.13,9101044.3
"n256",8.65,288921.23,9101008.76
"n257",7.69,288890.12,9101196.97
"n258",7.355,288903.18,9101273.48
"n259",6.58,288914.38,9101339.07
"n260",6.255,288919.34,9101367.7
"n261",6.04,288916.42,9101370.51
"n262",5.26667,288973.66,9101453.88
"n263",8.754,288925.27,9101005.89
"n264",6.825,288965.12,9101266.25
"n265",7.04,288958.33,9101234.25
"n266",8.39,288928.11,9101050.78
"n267",6.95,288968.02,9101280.55
"n268",4.64444,288997.45,9101453.63
"n269",7.2202,288845.21,9101265.75
"n270",8.26074,288753.36,9101132.5
"n271",8.24109,288751.69,9101130.07
"n272",4.97,288966.64,9101453.12
"n273",8.04,288749.25,9101135.58
"n274",7.98,288747.84,9101133.52
"n275",2.325,289252.65,9101350.06
"n276",2.37333,289210.65,9101338.79
"n277",2.52,289242.76,9101349.77
"n278",2.522,289233.14,9101306.55
"n279",2.316,289396.99,9101381.23
"n280",2.625,289261.35,9101386.19
"n281",2.38333,289251.15,9101343.83
"n282",2.29,289272.02,9101433.89
"n283",6.48,288993.12,9101313.74
"n284",6.8,288981.35,9101315.22
"n285",3.4425,289233.57,9101281.48
"n286",1.74,289258.58,9101278.13
"n287",2.49,289225.53,9101272.6
"n288",3.245,289214.03,9101220.87
"n289",3.3,289213.4,9101218.06
"n290",3.02,289211.34,9101206.62
"n291",3.24,289228.24,9101284.56
"n292",3.11782,289224.13,9101118.97
"n293",2.89091,289221.56,9101107.1
"n294",2.15667,289587.76,9101377.69
"n295",2.235,289538.92,9101375.24
"n296",2.36409,289280.61,9101379.88
"n297",1.77249,289728.41,9101386.02
"n298",2.74667,289593.19,9101377.99
"n299",3.06,289250.08,9101238.84
"n300",1.74,289258.61,9101278.25
"n301",2.40855,289589.65,9101377.85
"n302",2.89825,289596.71,9101453.63
"n303",2.38642,289589.28,9101373.46
"n304",2.49,289580.72,9101281.01
"n305",2.45,289579.63,9101270.19
"n306",2.435,289966.69,9101354.02
"n307",1.97,289755.44,9101312.8
"n308",1.88,289740.13,9101310.02
"n309",1.94,289746.29,9101311.14
"n310",2.01321,289739.53,9101316.49
"n311",2.16629,289736.51,9101349.3
"n312",1.82789,289728.42,9101380.04
"n313",1.586,289726.24,9101453.63
"n314",1.9956,289740.37,9101306.64
"n315",1.56148,289748.39,9101227.57
"n316",1.68,289803.11,9101318.37
"n317",2.11988,289884.88,9101333.66
"n318",2.495,289966.64,9101348.94
"n319",2.46,290141.81,9101382.27
"n320",1.942,290231.36,9101399.3
"n321",2.655,290072.11,9101368.97
"n322",2.49,290015.27,9101358.16
"n323",1.9,289875.6,9101339.23
"n324",1.69626,289870.31,9101453.63
"n325",1.624,289924.89,9100988.7
"n326",1.905,289906.79,9101113.1
"n327",1.78349,289886.91,9101247.8
"n328",2.18,289876.14,9101329.37
"n329",2.05529,289901.5,9101149.47
"n330",1.82,289898.04,9101172.99
"n331",1.79933,289888.07,9101241.72
"n332",1.58,289635.06,9101209.17
"n333",1.55,289748.8,9101224.35
"n334",1.568,289824.12,9101235.31
"n335",1.625,289881.59,9101242.94
"n336",1.72598,289885.08,9101242.96
"n337",3.19865,289966.66,9101255.2
"n338",1.63901,289834.09,9101166.41
"n339",1.68362,289834.52,9101163.4
"n340",2.34,289861.51,9100976.92
"n341",1.73333,289962.1,9100973.49
"n342",2.43,289857.33,9100976.92
"n343",1.74,289683.65,9101145.07
"n344",1.67386,289647.38,9101140.17
"n345",1.51,289709.16,9101147.87
"n346",1.54667,289709.16,9101146.48
"n347",1.67658,289721.91,9101049.93
"n348",1.545,289677,9101140.46
"n349",1.61,289711.13,9101144.76
"n350",1.68526,289776.13,9101154.58
"n351",2.246,289784.57,9101095.15
"n352",1.97,289892.16,9101171.78
"n353",1.86567,289894.95,9101172.19
"n354",1.81,289898.09,9101172.68
"n355",1.73,289872.49,9101329.25
"n356",1.75,289883.03,9101248.89
"n357",1.96,289895.98,9101163.68
"n358",1.9597,289898.58,9101147.35
"n359",1.84298,289921.1,9100982
"n360",1.84,289895.84,9101148.8
"n361",1.79677,289904.39,9101108.52
"n362",1.68667,289909.54,9101109.26
"n363",1.87,289964.21,9101114.95
"n364",2.6825,289966.59,9101183.34
"n365",2.48,289964.77,9101353.64
"n366",2.46,289953.95,9101453.63
"n367",2.57,289965.59,9101345.61
"n368",2.685,289966.66,9101315.26
"n369",3.11,289973.91,9101254.48
"n370",2.93333,289983.94,9101185.73
"n371",2.02364,289992.79,9101125.07
"n372",1.91,290235.97,9101294.4
"n373",1.905,290232.21,9101294.45
"n374",3.11333,290080.69,9101272.06
"n375",2.66,290149.02,9101282.33
"n376",1.85571,290242.05,9101294.33
"n377",2.44576,290141.64,9101384.7
"n378",2.43,290140.62,9101389.03
"n379",2.525,290141.89,9101380.1
"n380",2.84,290092.65,9101200.7
"n381",3.05881,290073.08,9101317.48
"n382",2.91704,290099.53,9101159.69
"n383",1.695,290168.5,9101140.66
"n384",2.22,290102.2,9101134.71
"n385",2.18333,290044.26,9101128.05
"n386",2.24,290041,9101128.05
"n387",1.85,289966.59,9101119.66
"n388",1.73,290233.14,9101139.15
"n389",1.57,290259.36,9101139.07
"n390",1.92599,290266.35,9101138.93
"n391",1.53833,290260.53,9101134.75
"n392",1.688,290257,9101147.21
"n393",1.73417,290241.53,9101208.55
"n394",1.91,290238.85,9101219.18
"n395",2.02615,290235.66,9101302.52
"n396",2.11,290234.54,9101331.74
"n397",1.956,290231.3,9101397.85
"n398",1.68,290246.56,9101207.5
"n399",1.665,290235.25,9101209.86
"n400",1.96667,290176.21,9101212.21
"n401",2.01,290161.44,9101210.17
"n402",1.38,290350.35,9101185.8
"n403",1.48,290358.58,9101184.21
"n404",1.55667,290434.66,9101168.34
"n405",1.90307,290267.25,9101136.77
"n406",1.75734,290171.08,9101138.32
"n407",2.15416,290107,9101133.09
"n408",2.02,290100.73,9101132.8
"n409",2,289994.02,9101118.88
"n410",1.87,289964.21,9101114.95
"n411",1.8,289974.73,9101029.87
"n412",1.64667,290046.57,9101023.34
"n413",1.57,290046.45,9101020.95
"n414",1.52,290046.25,9101016.61
"n415",1.7325,290044.55,9100971.56
"n416",1.88078,290132.41,9100959.07
"n417",1.71,290132.2,9100953.63
"n418",1.88,290132.26,9100955.3
"n419",1.83,290139.92,9101011.17
"n420",1.69865,290037.56,9100967.95
"n421",1.778,290132.33,9100957.21
"n422",1.65235,290179.35,9100953.63
"n423",1.72667,290353.65,9100930.18
"n424",1.682,290226.08,9100947.34
"n425",2.32,290334.94,9100665.46
"n426",2.32,290335.17,9100665.41
"n427",1.77,290372.43,9100788.99
"n428",1.825,290370.04,9100840.19
"n429",1.80212,290367.97,9100884.54
"n430",1.694,290356.34,9100924.16
"n431",1.81,290343.15,9100953.63
"n432",1.96745,290356.52,9100929.81
"n433",1.68,290034.97,9100968.47
"n434",2.045,289966.64,9100621.46
"n435",1.38,290125.81,9100655.56
"n436",1.95,290117.38,9100777.11
"n437",2.05444,290113.16,9100837.52
"n438",1.94,290113.6,9100840.24
"n439",1.77,290034.47,9100840.24
"n440",1.93,290034.19,9100953.63
"n441",1.78,290034.34,9100634.07
"n442",2.01091,290211.55,9100840.26
"n443",1.955,290291.89,9100840.24
"n444",3.205,289727.35,9100573.13
"n445",3.36,289728.87,9100570.63
"n446",2.4,289893.72,9100605.87
"n447",2.41514,289903.38,9100607.94
"n448",2.38167,289907.95,9100608.91
"n449",2.33,289913.77,9100610.16
"n450",2.285,289915.36,9100610.49
"n451",2.365,289921.98,9100612.1
"n452",1.94,289621.73,9100687.99
"n453",3.355,289641.26,9100550.34
"n454",3.57,289689.52,9100561.53
"n455",3,289470.54,9100525.79
"n456",4.06,289425.91,9100519.68
"n457",1.92,289621.22,9100691.98
"n458",2.15,289665.62,9100693.47
"n459",1.77,290291.98,9101077.1
"n460",1.74,290257.83,9101159.47
"n461",1.68,290246.58,9101207.11
"n462",1.93,290236.39,9101396.34
"n463",1.9443,290231.18,9101401.74
"n464",1.95458,290233.93,9101401.37
"n465",1.92868,290233.98,9101398.8
"n466",1.635,290441.58,9101364.06
"n467",1.94878,290231.04,9101404.88
"n468",1.615,290229.16,9101453.65
"n469",1.48,290352.89,9101375.99
"n470",1.62,290244.68,9101300.76
"n471",1.594,290254.53,9101156.78
"n472",1.71056,290255.97,9101151.2
"n473",1.79107,290247.52,9101154.67
"n474",2.035,290260.75,9101152.45
"n475",1.83103,290277.13,9101112.92
"n476",1.66,290268.2,9101134.46
"n477",1.755,290318.26,9101013.69
"n478",1.73224,290238.49,9101014.29
"n479",1.76667,290140.58,9101016.78
"n480",1.59,290040.83,9101020.45
"n481",1.584,290026.01,9101021.21
"n482",1.695,289970.93,9101017.91
"n483",1.62,290081.96,9101014.22
"n484",1.81,290319.35,9101011.07
"n485",1.81948,290367.3,9100836.67
"n486",1.97,290242.7,9100836.03
"n487",1.84,290370.2,9100836.69
"n488",2.02,290043.21,9101122.58
"n489",1.71,290171.16,9101136.65
"n490",2.33,290043.49,9101100.49
"n491",1.655,290043.3,9101076.38
"n492",1.95,290043.31,9101027.01
"n493",1.72,290043.18,9101022.2
"n494",1.88667,290043.36,9101082.11
"n495",1.681,290450.02,9101133.25
"n496",1.58,290443.1,9101084.23
"n497",2.12519,290354.08,9101099.62
"n498",2.04524,290354.42,9101091.94
"n499",1.76833,290453.93,9101195.37
"n500",1.37636,290463.98,9101354.68
"n501",1.69929,290464.32,9101360.08
"n502",1.674,290464.8,9101367.73
"n503",1.6825,290452.13,9101166.69
"n504",1.96923,290311.88,9101287.68
"n505",1.85429,290353.8,9101279.62
"n506",1.72333,290364.09,9101277.64
"n507",1.595,290349.04,9101374.52
"n508",1.538,290348.55,9101379.35
"n509",1.49,290353.28,9101378.48
"n510",1.80445,290343.13,9101453.67
"n511",1.73333,290348.17,9101384.06
"n512",2.295,290332.14,9100667.76
"n513",1.8611,290358.95,9100757.23
"n514",1.92,290366,9100884.59
"n515",1.61,290354.37,9100924.48
"n516",1.6425,290305.83,9100931.24
"n517",1.76357,290156.74,9100952
"n518",1.64333,290368.58,9100789.39
"n519",1.85667,290219.75,9100903.5
"n520",1.67,290226.38,9100940.53
"n521",1.74,290225.8,9100953.63
"n522",1.65833,290238.45,9101009.94
"n523",1.715,289966.64,9101015.48
"n524",1.555,290028.29,9101018.47
"n525",1.51848,290043.07,9101017.49
"n526",1.808,290041.03,9101073.51
"n527",2.225,290043.92,9101064.37
"n528",1.205,290276.26,9101076.81
"n529",1.31707,290276.19,9101079.56
"n530",1.35868,290276.33,9101074.8
"n531",2.181,290046.07,9101058.22
"n532",1.57,290492.12,9101355.07
"n533",1.60167,290487.07,9101357.04
"n534",1.47333,290485.71,9101355.54
"n535",1.47,290484.36,9101354.06
"n536",0.91,290466.9,9101356.7
"n537",1.23833,290466.02,9101359.74
"n538",1.81177,290461.45,9101360.65
"n539",1.66,290456.13,9101361.7
"n540",1.175,290480.03,9101363.19
"n541",1.56852,290486.4,9101344.52
"n542",1.88,290467.71,9101441.21
"n543",1.82333,290480.86,9101163.51
"n544",1.75,290588.23,9101319
"n545",1.72,290568.95,9101325.4
"n546",1.635,290525.11,9101144.05
"n547",1.8,290587.69,9101317.38
"n548",1.60667,290582.25,9101322.47
"n549",1.57,290574.83,9101324.9
"n550",1.7275,290497.12,9101354.94
"n551",1.49,290496.23,9101350.72
"n552",1.75643,290581.33,9101317.1
"n553",1.5175,290496.23,9101348.39
"n554",1.77333,290588.72,9101320.35
"n555",1.895,290599.74,9101316.75
"n556",1.8125,290566.98,9101229.94
"n557",1.945,290570.72,9101239.91
"n558",1.8,290573.87,9101248.48
"n559",1.765,290598.04,9101313.57
"n560",1.59,290595.37,9101311.89
"n561",1.76333,290565.13,9101229.41
"n562",3.265,290698.08,9101271.55
"n563",3.12,290704.54,9101269.37
"n564",1.855,290563.15,9101223.71
"n565",1.57125,290533.13,9101143.74
"n566",1.5725,290532.71,9101142.64
"n567",2.805,290636.44,9101104.66
"n568",1.79122,290566.16,9101131.1
"n569",1.70714,290539.39,9101141.34
"n570",1.618,290464.74,9100953.63
"n571",1.4625,290474.95,9100984.31
"n572",1.66,290485.8,9101016.92
"n573",1.735,290501.49,9101058.97
"n574",3.0625,290667.94,9101190.37
"n575",2.424,290633.25,9101203.67
"n576",4.19,290798.51,9101139.94
"n577",2.815,290659.37,9101190.87
"n578",2.5,290643.1,9101196.9
"n579",1.75,290568.05,9101224.93
"n580",1.9,290565.48,9101225.93
"n581",2.17422,290605.55,9101208.24
"n582",3.105,290666.19,9101185.64
"n583",3.085,290667.39,9101188.88
"n584",2.205,290621.78,9101429.68
"n585",1.87,290499.6,9101451.29
"n586",1.96,290496.37,9101451.43
"n587",2.23,290472.99,9101453.86
"n588",2.2625,290640.25,9101430.28
"n589",2.62,290647.29,9101428.62
"n590",2.74364,290651.39,9101431.94
"n591",2.11,290640.44,9101421.86
"n592",2.2,290629.42,9101423.95
"n593",2.17333,290617.28,9101426.06
"n594",1.72,290506.95,9101445.94
"n595",2.37,290618.88,9101421.8
"n596",1.65805,290444.59,9101453.63
"n597",1.86,290495.71,9101444.92
"n598",1.84,290598.53,9101317.14
"n599",2.1,290635.77,9101418.13
"n600",3.145,290744.21,9101402
"n601",3.1,290748.89,9101406.6
"n602",2.31,290638.75,9101426.2
"n603",3.165,290745.68,9101398.09
"n604",2.1375,290630.54,9101453.43
"n605",2.155,290648.89,9101453.7
"n606",2.59,290636.92,9101453.96
"n607",3.17,290754.24,9101400.08
"n608",4.185,290880.11,9101382.43
"n609",3.1425,290754.91,9101405.44
"n610",3.13,290751.87,9101397.3
"n611",4.08875,290877.63,9101375.05
"n612",4.255,290878.48,9101377.57
"n613",4.27667,290878.87,9101378.75
"n614",3.205,290753.84,9101402.58
"n615",3.145,290674.49,9101186.89
"n616",3.0675,290675.17,9101188.77
"n617",2.71,290766.64,9101453.63
"n618",3.16,290705.62,9101272.31
"n619",4,290832.89,9101241.78
"n620",3.96,290836.81,9101240.79
"n621",3.9625,290870.73,9101232.28
"n622",4.13333,290913.85,9101221.27
"n623",4.17,290833.66,9101244.25
"n624",3.1,290706.76,9101275.63
"n625",3.185,290760.31,9101256.92
"n626",4,290832.15,9101239.13
"n627",2.54333,290772.93,9101453.63
"n628",4.09,290799.42,9101142.65
"n629",4.16,290797.71,9101137.57
"n630",3.128,290673.11,9101183.07
"n631",2.28909,290613.97,9101019.67
"n632",2.6775,290642,9101096.69
"n633",2.715,290642.04,9101100.31
"n634",3.14387,290666.19,9101091.74
"n635",3.8425,290734.91,9101065.75
"n636",3.9,290771.16,9101052.47
"n637",2.6075,290644.26,9101102.97
"n638",3.89,290712.84,9101076.79
"n639",3.8,290747.3,9101063.68
"n640",4.02667,290769.9,9101056.21
"n641",3.49,290683.02,9101081.94
"n642",3.88667,290755.95,9101054.9
"n643",3.9675,290767.93,9101050.44
"n644",2.7625,290642.66,9101098.54
"n645",3.49,290683.48,9101083.42
"n646",3.93667,290761.46,9101054.52
"n647",3.97,290768.39,9101051.78
"n648",1.62,290532.26,9101141.35
"n649",2.77,290639.33,9101101.31
"n650",2.29,290585.82,9100953.67
"n651",2.2925,290609.55,9101019.14
"n652",4.1225,290739.46,9100971.96
"n653",3.93222,290745,9100969.61
"n654",3.855,290806.92,9100944.13
"n655",1.56,290503.41,9101064.1
"n656",2.42,290607.66,9101026.46
"n657",2.35,290605.44,9101020.45
"n658",2.245,290580.84,9100953.66
"n659",2.725,290634.31,9101098.56
"n660",2.31154,290591.49,9100953.71
"n661",4.15,290798.97,9101141.3
"n662",4.31,290795.74,9101142.51
"n663",2.75,290635.16,9101101.12
"n664",1.70667,290576.71,9101120.91
"n665",2.20667,290557.46,9100953.63
"n666",2.34,290577.74,9100945.25
"n667",3.99,290770.75,9101042.99
"n668",3.876,290771.26,9101050.65
"n669",3.9175,290771.43,9101053.26
"n670",4.16,290783.38,9101087.5
"n671",4.27,290796,9101124.22
"n672",4.13,290801.34,9101140.42
"n673",3.88,290814.52,9101180.5
"n674",4.07,290828.72,9101222.4
"n675",3.9075,290834.39,9101239.24
"n676",3.93556,290835.07,9101241.23
"n677",3.895,290856.93,9101305.02
"n678",3.97,290878.85,9101372.12
"n679",4.23,290880.99,9101378.35
"n680",4.05034,290896.21,9101422.8
"n681",4.06,290906.3,9101453.63
"n682",4.082,290732.57,9100953.63
"n683",3.98187,290756.55,9101017.39
"n684",2.07,290485,9100614.43
"n685",1.94333,290506.62,9100750.3
"n686",2.075,290487.38,9100613.6
"n687",1.995,290503.23,9100706.51
"n688",2.05,290510.49,9100749.04
"n689",1.87,290532.39,9100808.53
"n690",2.42,290497.7,9100606.62
"n691",1.8125,290516.13,9100741.52
"n692",2.0225,290518.6,9100748.23
"n693",3.25,290594.78,9100727.82
"n694",4.215,290639.33,9100715.88
"n695",4.024,290610.8,9100643.12
"n696",2.71,290636.7,9100868.47
"n697",4.08667,290785.5,9101101.46
"n698",3.98437,290867.46,9101344.88
"n699",3.99983,290893.17,9101421.16
"n700",4.205,290903.39,9101453.63
"n701",4.05171,290773.54,9101051.45
"n702",4.19,290777.58,9101063.51
"n703",4.13235,290803.08,9101139.77
"n704",4.08,290804.32,9101143.48
"n705",3.9775,290827.24,9101213.03
"n706",4.05,290847.88,9101272.92
"n707",4.32533,290854.95,9101292.91
"n708",4.23,290873.89,9101350.72
"n709",4.15,290882.21,9101375.03
"n710",4.12643,290898.23,9101421.85
"n711",4.3397,290909.21,9101453.72
"n712",4.198,290883.2,9101377.93
"n713",4.2225,290959.16,9101364.05
"n714",4.072,290912.26,9101369.56
"n715",4.125,290889.07,9101395.08
"n716",2.89,290897.2,9101392.98
"n717",4.24,290963.19,9101363.31
"n718",4.29,290961.4,9101372.82
"n719",3.864,290820.76,9100966.94
"n720",4.035,290859.03,9101061.84
"n721",3.955,290822.19,9100970.47
"n722",3.86333,290818.14,9100972.53
"n723",3.8525,290819.18,9100974.6
"n724",4.06,290814.77,9101188.01
"n725",3.9775,290769.2,9101054.13
"n726",4.05171,290773.73,9101051.53
"n727",3.385,290693.45,9100691.33
"n728",3.62625,290624.43,9100560.38
"n729",3.565,290636.2,9100555.86
"n730",3.51,290633.63,9100558.07
"n731",3.498,290630.87,9100552.65
"n732",3.53667,290632.72,9100548.69
"n733",3.54667,290633.04,9100549.43
"n734",3.51571,290630.96,9100549.47
"n735",2.144,290486.09,9100606.06
"n736",3.72,290599.04,9100473.8
"n737",4.363,290598.21,9100600.93
"n738",3.766,290587.85,9100453.63
"n739",4.02,290647.64,9100711.3
"n740",4.04,290614.28,9100640.55
"n741",3.355,290663.26,9100624.08
"n742",1.85697,290337.12,9100498.26
"n743",1.80333,290337.57,9100453.63
"n744",2.27333,290335.3,9100655.85
"n745",2.2304,290335.31,9100653.63
"n746",2.2,290333.11,9100653.63
"n747",1.73,290334.4,9100559.92
"n748",3.955,290613.47,9100638.5
"n749",1.645,290460.7,9100618.9
"n750",2.5,290343.2,9100657.91
"n751",2.24429,290329.69,9100660.58
"n752",1.89729,290262.6,9100673.81
"n753",1.75,290034.34,9100633.78
"n754",2.04,289966.64,9100619.69
"n755",4.07,290612.94,9100642.29
"n756",4.75429,290714.88,9100877.56
"n757",3.99,290618.82,9100640.05
"n758",4.04,290614.7,9100641.6
"n759",3.74,290595.93,9100474.54
"n760",3.76,290545.41,9100483.43
"n761",3.62,290561.57,9100388.73
"n762",3.53,290498.71,9100233.43
"n763",3.88,290446.07,9100069
"n764",4.1,290419.66,9099986.52
"n765",3.6375,290564.98,9100382.45
"n766",3.78,290589.97,9100453.63
"n767",4.13,290413.61,9099953.63
"n768",3.89,290448.48,9100060.68
"n769",3.49,290502.33,9100223.39
"n770",3.58,290558.14,9100384.54
"n771",3.665,290550.38,9100387.11
"n772",3.65667,290552.41,9100391.77
"n773",4.365,290508.08,9100400.25
"n774",3.74667,290532.73,9100453.63
"n775",2.57,290457.53,9100453.63
"n776",2.125,290465.89,9100497.3
"n777",2.31035,290485.28,9100598.61
"n778",2.22,290485.69,9100600.63
"n779",2.35375,290454.82,9100453.7
"n780",2.04,290463.22,9100497.76
"n781",3.53,290497.54,9100225.05
"n782",3.93,290485.23,9100229.23
"n783",3.86,290486.71,9100233.72
"n784",3.56,290497.67,9100230.18
"n785",3.54652,290490.31,9100227.51
"n786",3.5968,290487.96,9100219.63
"n787",4.94,290421.28,9100250.81
"n788",4.96333,290415.96,9100252.55
"n789",3.555,290497.39,9100210.85
"n790",4.99,290370.36,9100086.26
"n791",1.6725,290240.44,9100128.75
"n792",4.04,290433.52,9100065.61
"n793",4.19,290436.11,9100072.29
"n794",5.04041,290373.81,9100085.13
"n795",4.97,290408.52,9100189.15
"n796",5.03,290328.61,9099959.34
"n797",4.62107,290293.9,9099862.44
"n798",5.11,290240.8,9099700.7
"n799",4.69789,290289.45,9099864.05
"n800",4.9075,290324.65,9099960.73
"n801",4.925,290374.11,9100096.56
"n802",4.99,290405.93,9100200.6
"n803",2.19,289974.44,9100210.44
"n804",1.97,290102.33,9100168.23
"n805",1.94235,290103.9,9100173.4
"n806",1.68375,290188.09,9099953.63
"n807",1.6075,290219,9100057.02
"n808",4.32,290315.04,9099669.23
"n809",4.57,290311.67,9099670.56
"n810",4.49956,290332.75,9099730.2
"n811",4.516,290353.22,9099787.21
"n812",4.41,290359.31,9099806.07
"n813",4.35,290368.72,9099833.94
"n814",4.36,290371.46,9099834.41
"n815",4.35823,290386.3,9099876.98
"n816",3.81417,289995.29,9098953.63
"n817",3.93516,290230.85,9099459.24
"n818",3.91,290239.51,9099478.33
"n819",4.1,290267.2,9099541.33
"n820",4.23106,290288.01,9099595.43
"n821",4.39554,290309.54,9099652.5
"n822",4.54,290351.05,9099771.19
"n823",4.33,290369.14,9099835.18
"n824",4.54,290282.23,9099866.67
"n825",1.82,290178.73,9099905.37
"n826",3.95,290148.56,9099282.61
"n827",4.61,290075.25,9099317.2
"n828",7.37,289639.36,9099387.42
"n829",7.29,289665.01,9099375.08
"n830",7.27333,289667.36,9099373.96
"n831",6.915,289753.52,9099332.81
"n832",6.45947,289840.2,9099291.46
"n833",3.265,289931.68,9099247.83
"n834",3.03,289966.64,9099358.08
"n835",2.65,289940.25,9099297.74
"n836",3.385,289937.49,9099260.43
"n837",3.43,289936,9099257.24
"n838",3.25,289931.74,9099247.95
"n839",3.2925,289929.22,9099242.53
"n840",3.58,289881.59,9099141.37
"n841",4.13904,289846.49,9099065.76
"n842",4.30048,289821.08,9099010.96
"n843",5.765,289882.7,9099403.94
"n844",6.05858,289862.02,9099350.76
"n845",6.29,289842.56,9099300.76
"n846",6.265,289841.04,9099296.99
"n847",6.4,289838.97,9099291.86
"n848",6.31,289837.44,9099287.47
"n849",6.46103,289829.11,9099266.33
"n850",6.35,289806.33,9099207.63
"n851",6.65059,289771.83,9099120.96
"n852",6.55467,289764.88,9099103.09
"n853",3.87744,289887.62,9099047.16
"n854",4.48566,289925.35,9099029.84
"n855",3.64135,289966.64,9098892.45
"n856",3.52892,289953.93,9098862.94
"n857",3.59474,289930.82,9098811.63
"n858",3.64937,289888.23,9098706.48
"n859",3.57213,289874.38,9098672.03
"n860",3.74963,289845.35,9098600.46
"n861",3.76828,289812.12,9098517.96
"n862",3.73521,289809.75,9098511.75
"n863",3.75511,289807.38,9098506.2
"n864",3.74173,289805.31,9098500.82
"n865",3.66745,289803.73,9098497.19
"n866",3.62303,289786.36,9098453.63
"n867",3.7919,289806.32,9098520.27
"n868",3.70336,289804.76,9098520.82
"n869",3.80271,289800.14,9098501.33
"n870",3.79393,289796.52,9098500.13
"n871",3.84173,289793.03,9098499.29
"n872",3.78731,289804.76,9098513.75
"n873",3.78074,289802.64,9098508.36
"n874",3.79556,289801.1,9098504.04
"n875",7.55471,288966.64,9098812.91
"n876",7.28459,289022.13,9098792.19
"n877",7.38368,289111.63,9098758.48
"n878",7.38964,289114.11,9098757.51
"n879",7.38221,289116.8,9098756.52
"n880",7.64547,289213.57,9098720.44
"n881",7.92465,289297.21,9098688.72
"n882",8.34285,289394.32,9098652.59
"n883",8.5799,289527.74,9098603.76
"n884",6.20367,289626.68,9098566.33
"n885",5.41874,289712.97,9098532.45
"n886",5.42508,289718.12,9098530.46
"n887",7.45619,288966.64,9098809.06
"n888",7.20974,289016.52,9098790.1
"n889",7.19525,289022.1,9098788.1
"n890",7.23354,289035,9098783.19
"n891",7.36759,289110.82,9098754.7
"n892",7.38745,289112.75,9098753.97
"n893",7.35694,289114.8,9098753.15
"n894",7.5003,289205.95,9098718.99
"n895",7.86994,289295.82,9098685.47
"n896",8.20187,289386.75,9098651.49
"n897",8.62546,289433.96,9098634.31
"n898",8.69712,289504.6,9098608.61
"n899",8.65664,289509.22,9098606.91
"n900",8.32001,289533,9098598.03
"n901",7.74903,289557.87,9098588.7
"n902",6.86916,289593.94,9098575.14
"n903",6.12165,289625.3,9098563.12
"n904",5.53712,289654.32,9098551.77
"n905",5.26692,289713.2,9098529.56
"n906",5.31872,289715.85,9098528.49
"n907",3.97224,289790.16,9098500.44
"n908",4.52157,289813.61,9098797.13
"n909",4.17187,289791.31,9098737.57
"n910",4.26348,289767.56,9098673.86
"n911",4.4491,289759.25,9098651.49
"n912",5.1031,289719,9098544.55
"n913",5.45043,289715.99,9098536.72
"n914",5.5471,289714.91,9098533.92
"n915",5.48136,289714.7,9098533.39
"n916",5.42212,289713.61,9098530.59
"n917",5.37394,289716.17,9098529.61
"n918",5.50776,289717.09,9098532.47
"n919",5.50776,289717.19,9098532.76
"n920",5.43807,289718.23,9098535.57
"n921",5.03997,289736.42,9098583.86
"n922",4.29744,289767.69,9098667.18
"n923",4.35183,289793.1,9098735.56
"n924",4.56328,289815.69,9098795.68
"n925",4.77945,289828.38,9098791.55
"n926",4.54069,289874.87,9098907.72
"n927",4.37065,289885.35,9098941.48
"n928",4.39956,289891.39,9098953.63
"n929",7.84643,289299.41,9098693.68
"n930",7.89431,289298.38,9098691.17
"n931",7.89418,289296.27,9098686.53
"n932",8.75448,289458.33,9098808.27
"n933",8.41747,289559.51,9098766.63
"n934",8.17022,289595.94,9098784.29
"n935",8.33716,289658.3,9098953.63
"n936",9.06202,289681.8,9099018.45
"n937",4.12981,289966.64,9099011.22
"n938",3.7872,290000.96,9098996.07
"n939",4.48175,289928.95,9099028.17
"n940",4.36618,289966.64,9099105.4
"n941",4.38444,289935.71,9099025.22
"n942",4.44397,289938.13,9099024.24
"n943",3.85578,289900.99,9098953.63
"n944",4.57204,289887.45,9098901.94
"n945",4.58976,289966.64,9099089.01
"n946",7.81689,289557.17,9098586.71
"n947",8.18043,289537.16,9098535.43
"n948",8.52498,289515.6,9098480
"n949",8.55307,289424.04,9098513.63
"n950",8.53859,289427.01,9098512.51
"n951",8.60084,289462.49,9098499.49
"n952",8.52057,289492.15,9098488.61
"n953",8.56911,289513.16,9098480.8
"n954",8.48693,289517.36,9098479.31
"n955",6.53523,289550.38,9098466.79
"n956",6.31331,289572.12,9098521.2
"n957",6.78762,289593.02,9098572.9
"n958",7.96429,289345.36,9098541.88
"n959",7.98406,289351.61,9098539.7
"n960",8.01625,289356.24,9098538.11
"n961",8.54995,289415.95,9098517.35
"n962",8.56365,289418.74,9098516.26
"n963",8.5753,289420.33,9098515.58
"n964",8.60515,289388.87,9098453.63
"n965",8.15658,289321.61,9098478.99
"n966",7.99649,289335.85,9098516.69
"n967",7.92979,289362.53,9098585.29
"n968",7.97607,289369.64,9098603.48
"n969",8.19174,289375.57,9098601.07
"n970",8.58257,289430.53,9098579.71
"n971",8.77982,289404.17,9098453.63
"n972",8.71632,289435.21,9098600.5
"n973",8.79714,289407.11,9098453.63
"n974",8.66928,289445.04,9098630.28
"n975",8.81446,289410.78,9098453.63
"n976",8.59241,289438.21,9098576.22
"n977",8.73953,289444.46,9098604.61
"n978",8.80415,289461.86,9098624.16
"n979",8.14305,289540.76,9098534.09
"n980",8.18387,289535.33,9098536.06
"n981",8.79201,289513.43,9098545.43
"n982",8.52009,289484.49,9098556.78
"n983",8.5959,289441.58,9098574.83
"n984",8.33066,289532.07,9098595.3
"n985",7.84399,289294.75,9098683.04
"n986",8.11066,289268.91,9098626.08
"n987",8.08353,289267.88,9098623.8
"n988",7.96402,289238.38,9098558.11
"n989",7.93062,289237.29,9098555.65
"n990",8.22969,289208.42,9098491.8
"n991",8.18397,289207.14,9098489.02
"n992",8.18893,289308.05,9098453.63
"n993",8.22891,289210.35,9098491.14
"n994",8.2293,289209.85,9098491.32
"n995",8.21421,289207.02,9098492.32
"n996",7.39574,289039.27,9098551.35
"n997",8.62992,289187.54,9098453.63
"n998",7.851,289174.49,9098583.09
"n999",7.9181,289231.82,9098557.81
"n1000",8.16747,289374.12,9098597.15
"n1001",8.02765,289352.16,9098541.1
"n1002",7.95897,289351.08,9098538.3
"n1003",8.24017,289329.41,9098481.91
"n1004",7.38986,289090.11,9098695.24
"n1005",8.49814,289336.26,9098785.88
"n1006",8.76988,288616.09,9098948.05
"n1007",8.79632,288630.23,9098942.43
"n1008",8.78857,288670.37,9098928.27
"n1009",8.91941,288732.75,9098905.87
"n1010",8.43935,288800.05,9098880.98
"n1011",8.18729,288850.35,9098861.93
"n1012",7.83483,288921.76,9098835.29
"n1013",7.43804,288975.29,9098815.27
"n1014",7.20467,289024.39,9098797.25
"n1015",7.1736,289026.83,9098796.34
"n1016",7.28019,289054.01,9098786.06
"n1017",7.37865,289113.29,9098763.9
"n1018",7.30936,289118.45,9098761.9
"n1019",7.28797,289136.57,9098754.42
"n1020",7.82523,289290.7,9098697.29
"n1021",7.18631,289090.74,9098865.2
"n1022",7.27768,289089.84,9098862.72
"n1023",7.53861,289075.55,9098821.27
"n1024",7.42064,289088.84,9098691.87
"n1025",7.48228,289002.89,9098721.69
"n1026",7.44123,288999.77,9098722.85
"n1027",7.44278,288997.4,9098723.57
"n1028",7.58517,288983.68,9098727.99
"n1029",7.64077,288966.64,9098733.57
"n1030",7.21293,289015.85,9098788.78
"n1031",7.62136,288966.64,9098695.98
"n1032",7.47735,288962.59,9098658.5
"n1033",7.37253,289033.52,9098780.5
"n1034",7.70636,289076.98,9098616.01
"n1035",7.04182,289187.22,9098946.23
"n1036",7.16771,289147.81,9098844.3
"n1037",7.12622,289145.58,9098838.7
"n1038",7.21197,289136.26,9098814.45
"n1039",7.32566,289116.64,9098763.95
"n1040",7.34832,289115.91,9098762.09
"n1041",7.41007,289115.01,9098759.85
"n1042",7.38376,289113.44,9098755.77
"n1043",7.41545,289111.05,9098749.65
"n1044",7.54658,289066.27,9098628.73
"n1045",7.07355,289146.76,9098810.86
"n1046",7.613,289224.19,9098782.49
"n1047",7.78812,289238.91,9098821.18
"n1048",8.06082,289250.17,9098816.95
"n1049",8.1171,289253.9,9098815.59
"n1050",8.42828,289371.81,9098773.06
"n1051",8.61036,289421.44,9098754.99
"n1052",8.43394,289451.12,9098821.95
"n1053",8.379,289378.06,9098853.18
"n1054",8.17271,289294.37,9098888.85
"n1055",8.10149,289289.64,9098891
"n1056",8.0327,289295.69,9098904.09
"n1057",8.09943,289327.68,9098976.86
"n1058",8.10752,289300.28,9098902.09
"n1059",8.42773,289415.62,9098852.11
"n1060",8.39783,289438.44,9098842.2
"n1061",8.72514,289463.84,9098900.06
"n1062",8.64956,289438.98,9098910.97
"n1063",8.41366,289446.05,9098927.13
"n1064",8.46988,289417.89,9098938.85
"n1065",6.87659,289052.55,9098879.18
"n1066",7.32193,289067.74,9098918.04
"n1067",7.39019,289069.54,9098923.22
"n1068",8.04,289303.4,9099271.32
"n1069",8.15833,289298.8,9099272.7
"n1070",8.57571,289240.53,9099292.5
"n1071",7.8,289287.59,9099228.83
"n1072",8.54205,289260.32,9099237.92
"n1073",6.78283,289091.39,9098971.57
"n1074",7.04063,289178.7,9098937.18
"n1075",7.13542,289213.1,9099028.69
"n1076",7.16847,289207.27,9099030.66
"n1077",7.07889,289126.63,9099060.25
"n1078",7.98003,289024.54,9099097.68
"n1079",7.77566,289064.64,9099199.05
"n1080",7.41,289116.06,9099180.99
"n1081",7.60481,289199.86,9099152.52
"n1082",7.41,289249.11,9099135.29
"n1083",7.43119,289252.37,9099134.22
"n1084",7.13918,289142.14,9098846.6
"n1085",7.04347,289185.34,9098953.63
"n1086",7.08632,289147.44,9098838.04
"n1087",7.50951,289161.33,9098832.88
"n1088",8.13796,288880.46,9099049.32
"n1089",8.64302,288858.36,9098955.3
"n1090",7.99527,288966.64,9098910.85
"n1091",6.74845,289055.84,9098877.9
"n1092",7.05713,289140.49,9098847.15
"n1093",7.18823,289145.06,9098845.43
"n1094",7.87,289296.74,9099253.12
"n1095",8.03,289306.66,9099250.46
"n1096",8.05,289336.69,9099268.13
"n1097",7.345,289445.58,9099334.17
"n1098",7.40667,289468.59,9099348.65
"n1099",7.575,289504.22,9099371.64
"n1100",7.6,289573.44,9099416.29
"n1101",8.01,289303.4,9099270.8
"n1102",6.005,289379.55,9099475.74
"n1103",7.88714,289574.89,9099430.74
"n1104",7.525,289584.87,9099453.63
"n1105",7.14643,289458.8,9099391.87
"n1106",7.74333,289477.19,9099453.63
"n1107",7.19,289439.71,9099400.31
"n1108",8.1276,289269.89,9099402.48
"n1109",7.77,289335.91,9099376.74
"n1110",7.795,289340.37,9099375.02
"n1111",7.74,289346.98,9099372.46
"n1112",7.14514,289084.25,9098953.63
"n1113",6.95589,289061.13,9098890.29
"n1114",6.9228,289026.7,9098799.53
"n1115",7.28697,289024.63,9098794.39
"n1116",7.12226,289128.46,9099064.64
"n1117",8.47675,288761.02,9098990.24
"n1118",7.55235,288966.64,9098815.59
"n1119",7.68063,288945.25,9098823.76
"n1120",7.98331,288886.13,9098846.09
"n1121",8.23192,288826.3,9098867.65
"n1122",8.60563,288755.59,9098894.23
"n1123",8.96377,288701.62,9098914.42
"n1124",8.89825,288619.13,9098943.44
"n1125",7.64,288957.95,9099366.01
"n1126",8.38,288851.38,9099410.06
"n1127",7.63815,288966.11,9099399.64
"n1128",6.41,288995.28,9099551.72
"n1129",5.87723,289019.41,9099663.11
"n1130",6.18,289021.67,9099673.48
"n1131",7.36,289043.24,9099769.11
"n1132",7.44663,289044.84,9099776.92
"n1133",7.39007,289045.47,9099779.85
"n1134",7.37,289067.28,9099877.43
"n1135",7.25,289068.43,9099882.56
"n1136",7.10265,289083.84,9099953.6
"n1137",7.74,288958.56,9099368.5
"n1138",7.66,288966.11,9099365.98
"n1139",8.78805,288813.61,9099074.67
"n1140",8.84963,288794.45,9099081.69
"n1141",7.38746,288929.87,9099249.68
"n1142",7.21841,288887.34,9099270.53
"n1143",6.97362,288826.95,9099301.48
"n1144",7.01515,288764.51,9099263.83
"n1145",7.08338,288741,9099234.75
"n1146",8.04,288672.14,9099282.39
"n1147",6.35333,288781.15,9099260.48
"n1148",8.41,288690.38,9099391.15
"n1149",7.815,288791.09,9099331.48
"n1150",8.35795,288683.34,9099358.45
"n1151",8.04,288679.28,9099359.5
"n1152",8.72864,288617.02,9098953.63
"n1153",8.76814,288611.79,9098953.63
"n1154",8.61412,288700.85,9099453.63
"n1155",15.66687,288510.06,9098919.95
"n1156",39.17154,288409.85,9098924.54
"n1157",10.101,288546.66,9098903.59
"n1158",9.60116,288596.05,9098895.93
"n1159",9.45445,288601.66,9098895.01
"n1160",10.07677,288547.11,9098908.05
"n1161",39.13331,288410.33,9098928.81
"n1162",10.11707,288547.67,9098913.66
"n1163",10.97919,288512.12,9098453.63
"n1164",11.34128,288542.05,9098631
"n1165",11.45493,288544.25,9098664.77
"n1166",11.42766,288544.39,9098667.32
"n1167",11.35982,288560.66,9098765.12
"n1168",10.97745,288537.62,9098812.87
"n1169",11.22276,288584.73,9098761.66
"n1170",10.41146,288554.54,9098579.59
"n1171",10.13453,288533.25,9098453.63
"n1172",10.24145,288528.32,9098453.89
"n1173",11.36971,288569.78,9098700.22
"n1174",9.61203,288595.85,9098900.65
"n1175",10.35489,288585.34,9098834.74
"n1176",10.99977,288578.2,9098791.04
"n1177",10.55185,288546.63,9098597.9
"n1178",10.52011,288522.24,9098453.63
"n1179",9.47183,288596.62,9098905.47
"n1180",9.82179,288593.82,9098896.38
"n1181",8.87627,288604.23,9098953.2
"n1182",10.99823,288517.67,9098453.92
"n1183",11.47668,288553.53,9098664.93
"n1184",11.66176,288557.58,9098691.35
"n1185",11.24975,288573.77,9098791.77
"n1186",39.28019,288395.54,9098874.49
"n1187",37.01243,288361.92,9098695.38
"n1188",7.74,288813.25,9099742.97
"n1189",1.89667,290533.69,9100812.06
"n1190",2.325,290582.06,9100943.47
"n1191",1.9375,290504.62,9100714.68
"n1192",1.91,290478.97,9100580.37
"n1193",1.9,290479.26,9100600.23
"n1194",2.20941,290484,9100598.45
"n1195",2.305,290319.57,9100668.7
"n1196",2.39,290343.13,9100662.98
"n1197",2.34762,290354.58,9100658.95
"n1198",1.43,290359.36,9100657.26
"n1199",0.82133,290366.79,9100654.71
"n1200",1.84556,290388.91,9100646.74
"n1201",1.77,290392.88,9100645.35
"n1202",1.585,290415.33,9100637.52
"n1203",1.65,290460.64,9100622.94
"n1204",2.148,290486.8,9100610.23
"n1205",2.11344,290350.92,9100273.29
"n1206",4.86,290368.25,9100080.45
"n1207",2.41,290010.15,9099465.13
"n1208",2.33321,290022.39,9099495.41
"n1209",2.172,290053.35,9099569.62
"n1210",1.76528,290124.96,9099750.75
"n1211",1.71107,290127.57,9099757.36
"n1212",1.6,290172.15,9099901.93
"n1213",2.4825,289910.5,9099953.63
"n1214",2.38,289899.35,9099925.6
"n1215",2.37889,289870.95,9099855.04
"n1216",2.97,289840.07,9099777.33
"n1217",3.1,289837.96,9099772.35
"n1218",6.35333,289798.6,9099678.81
"n1219",7.115,289755.72,9099575.53
"n1220",7.145,289754.24,9099572.38
"n1221",7.2125,289713.43,9099476.62
"n1222",7.04846,289703.49,9099453.63
"n1223",2.4425,289966.64,9100297.95
"n1224",2.088,289975.34,9100219.04
"n1225",2.27888,289965.71,9100127.11
"n1226",2.275,289961.01,9100079.39
"n1227",1.69,290091.64,9099916.56
"n1228",1.63714,290096.62,9099915.84
"n1229",2.05,290110.58,9099953.58
"n1230",2.34472,289908.85,9099928.21
"n1231",2.11555,289961.99,9099923.46
"n1232",1.64071,290109.7,9099911.31
"n1233",1.58,290173.35,9099905.84
"n1234",1.795,290129.1,9099750.45
"n1235",1.95,290130.97,9099755.18
"n1236",1.70962,290176.51,9099901.55
"n1237",1.65,290104.97,9099953.57
"n1238",2.05,289966.64,9099919.87
"n1239",1.68844,290087.92,9099909.29
"n1240",2.06016,289966.68,9099845.47
"n1241",1.66,290061.07,9099836.59
"n1242",2.32932,289974.91,9100070.45
"n1243",1.745,290140.19,9100061.36
"n1244",1.58,290115.44,9099987.06
"n1245",1.654,290166.98,9100141.75
"n1246",1.67273,290172.25,9100140
"n1247",1.735,290146.13,9100061.03
"n1248",2.22,289975.24,9100074.66
"n1249",2.36,289966.7,9100076.53
"n1250",2.22978,289973.34,9100142.09
"n1251",1.97815,290087.48,9100119.01
"n1252",2.17,289966.66,9100001.35
"n1253",2.23,289966.64,9099997.49
"n1254",1.53645,290113.97,9099982.66
"n1255",2.24556,289966.57,9100068.02
"n1256",1.96,290072.41,9100069.09
"n1257",2.61586,289879.27,9099854.25
"n1258",2.55821,289875.17,9099854.64
"n1259",2.656,289866.44,9099855.41
"n1260",4.07229,289775.25,9099864.41
"n1261",3.69474,289763.33,9099912.35
"n1262",3.24429,289763.75,9099937.34
"n1263",2.32,289894.99,9099925.99
"n1264",2.34477,289903.84,9099925.13
"n1265",2.24,289907.46,9099924.69
"n1266",2.60427,289878.71,9099852.85
"n1267",2.71,289927.33,9100003.76
"n1268",2.45,289946.62,9100001.72
"n1269",2.43983,289817.68,9100012.52
"n1270",2.6,289918.87,9099953.63
"n1271",2.80401,289932.82,9099988.24
"n1272",2.74,289938.88,9100002.52
"n1273",2.82,289948.1,9100024.25
"n1274",1.82,290177.73,9099905.46
"n1275",2.1,289378.89,9100977.75
"n1276",2.17,289387.23,9101019.73
"n1277",1.645,289318.52,9101035.2
"n1278",2.10333,289430.54,9101210.44
"n1279",2.255,289391.72,9101018.48
"n1280",0.62848,289514,9100995.79
"n1281",2.22,289380.15,9100966.24
"n1282",2.25191,289354.52,9101222.4
"n1283",1.56,289329.75,9101095.03
"n1284",1.985,289302.82,9100953.62
"n1285",0.61714,289544.49,9101192.5
"n1286",0.66571,289548.12,9101191.93
"n1287",2.02,289353.36,9101216.45
"n1288",3.985,289254.23,9100716.16
"n1289",2.095,289276.97,9100826.69
"n1290",3.36333,289333.03,9100718.63
"n1291",2.91465,289334.19,9100725.93
"n1292",2.84382,289374.43,9100732.42
"n1293",2.60667,289343.14,9100789.44
"n1294",3.98667,289374.64,9100782.86
"n1295",2.15,289395.6,9101062.97
"n1296",0.55,289508.23,9100959.85
"n1297",1.93,289291.12,9100896.13
"n1298",6.13311,289240.79,9100648.99
"n1299",9.02,289207.42,9100491.44
"n1300",8.785,289209.71,9100500.55
"n1301",7.86258,289225.61,9100576.05
"n1302",2.965,289323.09,9100649.88
"n1303",7.84,289226.47,9100575.72
"n1304",7.67948,289229.45,9100574.52
"n1305",7.165,289239.07,9100570.98
"n1306",5.68488,289278.14,9100574.15
"n1307",4.92,289310.72,9100578.21
"n1308",4.4,289334.68,9100581.62
"n1309",6.44333,289240.4,9100633.85
"n1310",7.055,289239.15,9100628.42
"n1311",7.63,289230.91,9100590.17
"n1312",8.19667,289225.33,9100563.53
"n1313",8.8,289239.12,9100502.69
"n1314",3.1625,289333.86,9100721.9
"n1315",2.475,289343.71,9100792.45
"n1316",8.8,289203.02,9100496.14
"n1317",9.25452,289201.83,9100485.96
"n1318",8.56,289202.44,9100501.05
"n1319",8.88,289198.18,9100453.59
"n1320",8.57,289243.97,9100492.07
"n1321",9.21,289209.35,9100488.17
"n1322",9.075,289198.35,9100488.94
"n1323",8.66,289168.96,9100492
"n1324",8.04,289135.72,9100501.69
"n1325",7.45,289104.67,9100510.82
"n1326",8.62,289194.8,9100453.56
"n1327",6.3703,289106.2,9100054.3
"n1328",5.33,289125.51,9100141.45
"n1329",8.12081,289179.63,9100364.14
"n1330",8.51544,289187.46,9100420.46
"n1331",8.188,289081.66,9100444.6
"n1332",8.32,289276.72,9100361.33
"n1333",8.125,289173.59,9100359.69
"n1334",8.16,289174.88,9100364.07
"n1335",8.26,289274.53,9100365.46
"n1336",8.045,289334.48,9100372.34
"n1337",5.2175,289439.05,9100386.06
"n1338",5.54,289439.28,9100384.88
"n1339",5.88757,289439.7,9100382.8
"n1340",8.0375,289335.04,9100369.02
"n1341",6.33,289109.82,9100047.78
"n1342",6.95089,289089.56,9099955.99
"n1343",8.03,289167.88,9100298.66
"n1344",7.995,289168.31,9100300.84
"n1345",8.24,289161.2,9100302.43
"n1346",8.01,289170.71,9100298.17
"n1347",8.31167,289348.75,9100259
"n1348",8.13,289166.52,9100304.6
"n1349",7.7,289259.74,9100282.33
"n1350",8.195,289178.47,9100358.74
"n1351",7.50666,289147.87,9100242.33
"n1352",7.31,289244.13,9100224.56
"n1353",7.55,289335.97,9100204.09
"n1354",7.45322,289152.54,9100241.29
"n1355",7.71,289153.32,9100244.81
"n1356",8.11,289165.81,9100301.4
"n1357",8.22,289161.92,9100305.7
"n1358",5.65,289028.29,9100165.55
"n1359",5.38646,289130.16,9100139.89
"n1360",5.47667,289161.57,9100132.06
"n1361",5.17,289176.57,9100128.15
"n1362",4.83125,289316.48,9100094.09
"n1363",5.01333,289464.8,9100058.06
"n1364",6.4125,289105.01,9100048.95
"n1365",7.34,289022.35,9100069.05
"n1366",6.34222,289112.17,9100053.03
"n1367",6.14,289198.81,9100031.93
"n1368",7.03777,289085.46,9099960.73
"n1369",7.15292,289022.97,9099976.19
"n1370",7.03,289084.63,9099957.17
"n1371",7.195,289074.48,9099959.59
"n1372",6.135,289025.04,9099668.79
"n1373",6.19,289025.66,9099671.15
"n1374",6.19,289025.79,9099671.7
"n1375",6.82942,289029.58,9099687.66
"n1376",7.38,289050.22,9099776.09
"n1377",7.34,289073.09,9099880.47
"n1378",7.066,289089.03,9099953.6
"n1379",6.95982,289099.42,9099953.63
"n1380",7.4,289069.6,9099876.48
"n1381",7.21845,289075.04,9099873.77
"n1382",7.30505,289101.39,9099861.72
"n1383",7.14,289154.78,9099837.02
"n1384",7.39111,288975.13,9099925.61
"n1385",7.21,289070.17,9099881.74
"n1386",7.26625,289077.79,9099878.29
"n1387",6.64346,289266.49,9099791.18
"n1388",6.53667,288965.16,9099700.72
"n1389",6.00433,289018.58,9099674.92
"n1390",5.984,289023.68,9099672.53
"n1391",6.15,289029.43,9099669.45
"n1392",6.87009,289053.69,9099658.2
"n1393",7.775,289084.7,9099643.98
"n1394",7.62,289110.56,9099631.96
"n1395",6.93,288931.35,9099718.51
"n1396",6.39,289811.57,9099453.63
"n1397",6.576,289804.31,9099437.57
"n1398",6.97,289759.7,9099342.33
"n1399",6.9425,289754.87,9099332.16
"n1400",6.84,289752.78,9099327.77
"n1401",7.42,289694.56,9099204.7
"n1402",6.82,289765.23,9099453.63
"n1403",6.6,289805.69,9099436.98
"n1404",5.75333,289888.02,9099401.62
"n1405",3.295,289970.07,9099366.5
"n1406",7.27,289664.18,9099370.26
"n1407",7.312,289659.82,9099372.28
"n1408",7.33333,289662.19,9099365.99
"n1409",7.385,289639.48,9099317.71
"n1410",7.6,289630.71,9099299.26
"n1411",7.44,289710.56,9099453.63
"n1412",7.4,289678.25,9099383.24
"n1413",3.52,289943.69,9099763.84
"n1414",4.12333,289940.88,9099756.72
"n1415",4.73667,289891.72,9099639.61
"n1416",5.42224,289882.89,9099617.67
"n1417",5.98,289846.43,9099535.21
"n1418",3.96,289966.64,9099623.18
"n1419",5.445,289996.6,9099689.22
"n1420",2.692,290025.61,9099756.85
"n1421",3.67,289966.64,9099606.36
"n1422",7.24714,289767.33,9099584.88
"n1423",7.217,289766.5,9099582
"n1424",6.53667,289809.06,9099690.91
"n1425",6.43,289808,9099688.1
"n1426",5.57,289907.43,9099453.63
"n1427",5.26706,289732.62,9099782.83
"n1428",5.16142,289730.96,9099779.22
"n1429",5.37119,289729.16,9099775.38
"n1430",7.0125,289674.83,9099657.18
"n1431",7.285,289657.66,9099618.48
"n1432",7.265,289640.4,9099579.58
"n1433",7.4025,289613.94,9099520.76
"n1434",3.85,289960.95,9099606.8
"n1435",4.8,289918.23,9099504.44
"n1436",4.5,289925.23,9099501.44
"n1437",6.31,289803.58,9099676.73
"n1438",6.17417,289805.53,9099681.62
"n1439",5.19828,289719.6,9099779.15
"n1440",5.02,289689.16,9099782.08
"n1441",4.635,289668.47,9099780.33
"n1442",4.6227,289656.34,9099777.07
"n1443",4.67128,289649.58,9099773.51
"n1444",4.95941,289610.59,9099744.84
"n1445",5.21174,289598.31,9099735.74
"n1446",5.48222,289584.8,9099723.18
"n1447",6.07605,289572.16,9099705.48
"n1448",6.9,289554.63,9099663.99
"n1449",4.65034,289892.98,9099637.69
"n1450",6.76193,289763.29,9099568.27
"n1451",7.025,289759.18,9099570.19
"n1452",7.22,289661.07,9099615.27
"n1453",7.275,289652.98,9099618.96
"n1454",6.865,289551.5,9099665.42
"n1455",7.01,289719.66,9099475.43
"n1456",7.0075,289760.35,9099573.62
"n1457",6.87,289763.5,9099572.31
"n1458",6.9925,289724.09,9099471.81
"n1459",7.04,289719.21,9099473.99
"n1460",7.245,289709.28,9099478.45
"n1461",7.32,289623.98,9099516.23
"n1462",7.665,289515.69,9099564.77
"n1463",5.09465,289399.27,9099616.24
"n1464",7.6318,289478.26,9099456.88
"n1465",7.74,289481.31,9099468.26
"n1466",7.70667,289482.64,9099473.34
"n1467",7.9,289494.57,9099505.9
"n1468",7.22,289540.6,9099634.91
"n1469",6.92,289550.44,9099662.17
"n1470",7.105,289468.48,9099699.02
"n1471",6.825,289552.97,9099669.93
"n1472",6.92,289546.63,9099667.65
"n1473",4.88989,289730.44,9099793.69
"n1474",4.74926,289711.58,9099822.43
"n1475",3.525,289940.52,9099764.07
"n1476",3.14709,289851.99,9099771.14
"n1477",3.146,289832.74,9099772.8
"n1478",3.09,289824.19,9099773.56
"n1479",4.97,289744.73,9099779.82
"n1480",2.1,289975.05,9100216.3
"n1481",2.13,289971.77,9100216.51
"n1482",1.76751,290124.84,9099750.45
"n1483",1.67667,290141.45,9100065.13
"n1484",1.63,290173.41,9100144.77
"n1485",1.66667,290147.37,9100064.79
"n1486",1.8,290147.48,9100065.13
"n1487",1.5,290221.02,9100063.79
"n1488",1.97815,290087.13,9100119.08
"n1489",2.14,289980.47,9100213.77
"n1490",2.46936,289981.12,9100243.49
"n1491",2.22333,289973.28,9100292.82
"n1492",2.405,289970.9,9100307.86
"n1493",2.065,289979.85,9100206.4
"n1494",1.73,290239.3,9100124.93
"n1495",2.32,290146.56,9100314.75
"n1496",2.455,290168.23,9100386.55
"n1497",2.19,290122.9,9100243.79
"n1498",1.62385,290261.21,9100198.2
"n1499",2.07,290041.2,9100349.24
"n1500",1.72,290238.63,9100125.13
"n1501",1.62664,290282.73,9100270.18
"n1502",1.615,290304.03,9100339.46
"n1503",2.39,290128.46,9100400.45
"n1504",2.435,290188.99,9100502.44
"n1505",2.075,290300.04,9100521.12
"n1506",1.71,290336.95,9100522.43
"n1507",2.09,290178.47,9100529.41
"n1508",1.62,290337.17,9100557.49
"n1509",1.54,290334.85,9100525.1
"n1510",1.85,290335.16,9100501.41
"n1511",2.33458,290233.79,9100453.63
"n1512",2.04,290260.31,9100461.38
"n1513",2.25,290336.79,9100655.36
"n1514",2.0775,290036.38,9100346.54
"n1515",2.35,290119.09,9100396.15
"n1516",2.44333,290127.7,9100404.07
"n1517",2.44,289974.67,9100311.92
"n1518",2.44167,289970.38,9100310.84
"n1519",2.01984,290240.54,9100361.61
"n1520",1.615,290304.09,9100339.64
"n1521",1.455,290130.11,9100654.52
"n1522",1.675,290130.2,9100648.35
"n1523",2.57556,290132.94,9100453.63
"n1524",2.42,290127.36,9100400.84
"n1525",1.64125,290517.47,9101145.44
"n1526",1.55,290516.64,9101141.73
"n1527",1.69,290477.52,9101162.42
"n1528",1.7875,290473.21,9101075.4
"n1529",1.7375,290480.48,9101157.26
"n1530",1.808,290482.62,9101051.84
"n1531",1.58833,290531.38,9101139.06
"n1532",2.02,290292.18,9100842.81
"n1533",1.845,290431.35,9100775.39
"n1534",1.795,290439.35,9100836.95
"n1535",2.23,290491.66,9100612.1
"n1536",1.5075,290454.8,9101166.44
"n1537",1.85,290549.84,9101232.34
"n1538",1.86,290497,9101438.15
"n1539",1.97071,290584.25,9101316.02
"n1540",1.65,290134.8,9100775.67
"n1541",1.77778,290134.74,9100781.46
"n1542",1.882,290360.36,9100761.96
"n1543",2.40704,290340.63,9100658.22
"n1544",2.39,290492.98,9100607.61
"n1545",4.025,290575.84,9100580.67
"n1546",1.99,289984.8,9100613.96
"n1547",2.09,289986.26,9100614.29
"n1548",2.264,290017.6,9100453.63
"n1549",1.945,289983.72,9100619.13
"n1550",1.96,289980.27,9100613.04
"n1551",2.0825,290006.63,9100482.9
"n1552",2.06455,290012.66,9100453.63
"n1553",1.665,290061.86,9100634.47
"n1554",2.57849,290063.64,9100612.42
"n1555",2.35667,290065.92,9100582.17
"n1556",2.38937,290068.23,9100559.92
"n1557",2.415,290069.92,9100538.87
"n1558",2.14667,290072.54,9100521.97
"n1559",2.22376,290075.51,9100500.85
"n1560",1.725,290056.38,9100633.51
"n1561",2.0925,290058.17,9100611.28
"n1562",2.2125,290060.45,9100581.03
"n1563",2.17667,290062.39,9100558.3
"n1564",2.15333,290064.45,9100537.73
"n1565",2.06091,290067.07,9100520.83
"n1566",2.3,290070.02,9100500.26
"n1567",1.8575,289983.77,9100618.91
"n1568",1.53,290093.26,9100646.04
"n1569",1.63,290093.77,9100641.03
"n1570",2.03333,289958.03,9100617.61
"n1571",2.294,289916.33,9100603.86
"n1572",2.32,289925.05,9100605.76
"n1573",2.125,289966.64,9100615.46
"n1574",1.40667,290101.59,9100646.84
"n1575",1.49,290130.15,9100651.7
"n1576",1.82,290153.21,9100652.98
"n1577",2.125,289966.64,9100615.46
"n1578",2.01003,290022.41,9100427.36
"n1579",2.23059,290034.09,9100363.52
"n1580",1.99184,290021.27,9100427.01
"n1581",2.31333,290108.19,9100453.64
"n1582",2.13,290030.6,9100362.35
"n1583",2.03,289966.64,9100411.09
"n1584",2.575,289842.91,9100367.82
"n1585",2.22641,289947.09,9100404.25
"n1586",2.4225,289966.88,9100326.97
"n1587",2.315,289957.71,9100373.23
"n1588",2.17,289951.38,9100404.38
"n1589",2.06,289949.78,9100412.26
"n1590",2.11375,289944.29,9100442.14
"n1591",2.06,289940.05,9100465.15
"n1592",2.32,289938.18,9100475.34
"n1593",2.27833,289927.73,9100531.8
"n1594",2.32,289926.67,9100537.62
"n1595",2.43,289922.41,9100560.9
"n1596",2.485,289917.63,9100534.41
"n1597",2.49,289916.8,9100538.43
"n1598",2.51953,289921.46,9100539.22
"n1599",2.57,289915.88,9100570.07
"n1600",2.37007,289922.43,9100534.07
"n1601",2.23,289935.72,9100465.4
"n1602",2.07,289993.07,9100550.13
"n1603",2.11,289966.64,9100544.4
"n1604",2.215,289508.3,9100464.46
"n1605",3.03,289671.61,9100486.05
"n1606",3.29,289709.64,9100492.01
"n1607",2.65,289780.35,9100506.43
"n1608",2.04,289966.64,9100472.9
"n1609",2.17,289887.19,9100453.63
"n1610",2.2175,289938.08,9100453.19
"n1611",2.81382,289808.21,9100434.45
"n1612",2.61,289861.85,9100321.37
"n1613",2.794,289864.73,9100323.43
"n1614",2.97,289891.7,9100267.5
"n1615",2.92,289777.83,9100338.63
"n1616",2.78611,289721.17,9100240.06
"n1617",3.31,289805.95,9100282.02
"n1618",3.13667,289831.78,9100237.25
"n1619",2.98,289826.88,9100238.87
"n1620",2.98208,289829.12,9100233.98
"n1621",3.28,289724.78,9100453.73
"n1622",3.165,289744.93,9100408.05
"n1623",3.24215,289746.94,9100403.59
"n1624",2.986,289769.35,9100355.64
"n1625",3.21192,289812.22,9100269.69
"n1626",3.655,289759.26,9100206.57
"n1627",3.1425,289585.22,9100278.97
"n1628",3.00727,289566.43,9100282.2
"n1629",2.4,289618.13,9100348.65
"n1630",2.28,289621.98,9100344.6
"n1631",2.82,289676.93,9100453.63
"n1632",2.2179,289568.63,9100400.82
"n1633",3.47591,289716.68,9100471.59
"n1634",3.29,289705.85,9100494.59
"n1635",3.43437,289710.8,9100484.55
"n1636",2.78,289518.52,9100453.63
"n1637",2.45176,289670.9,9100289.75
"n1638",3.802,289755.25,9100200.66
"n1639",3.29567,289765.06,9100205.77
"n1640",2.41,289513.39,9100453.63
"n1641",3.78,289752.04,9100200.05
"n1642",2.45583,289673.89,9100291.54
"n1643",2.96,289791.87,9100475.29
"n1644",2.97259,289799.21,9100453.63
"n1645",2.32827,289504.89,9100468.06
"n1646",3.11,289703.72,9100494.27
"n1647",2.92,289776.13,9100509.07
"n1648",2.885,289767.77,9100524.81
"n1649",3.04125,289754.6,9100552.44
"n1650",3.13,289747.08,9100567.05
"n1651",3.28167,289469.67,9100521.37
"n1652",3.445,289472.39,9100507.94
"n1653",3.53032,289476.18,9100496.1
"n1654",2.66,289515.75,9100453.63
"n1655",3.31729,289469.73,9100529.08
"n1656",3.18293,289470.48,9100526.02
"n1657",3.488,289476.34,9100502.15
"n1658",3.63882,289481.89,9100492.43
"n1659",3.2809,289467.05,9100527.86
"n1660",3.23,289467.32,9100525.33
"n1661",3.38353,289467.86,9100520.13
"n1662",3.31,289473.44,9100495.82
"n1663",3.41,289467.76,9100521.13
"n1664",3.01625,289447.4,9100518.63
"n1665",4.008,289415.63,9100514.42
"n1666",5.5176,289358.66,9100507.05
"n1667",2.36333,289473.95,9100521.89
"n1668",3.47,289678.92,9100553.22
"n1669",3.59284,289692.34,9100555.68
"n1670",3.17,289760.82,9100569.85
"n1671",2.638,289843.05,9100587.97
"n1672",2.4,289901.95,9100600.74
"n1673",2.27,289907.39,9100611.63
"n1674",3.71318,289759.42,9100199.75
"n1675",2.3975,289966.08,9100301.23
"n1676",2.175,290244.18,9100453.63
"n1677",2.07,290041.05,9100349.29
"n1678",2.43,289965.44,9100304.73
"n1679",2.95667,289892.81,9100265.19
"n1680",7.745,288894.03,9099724.6
"n1681",7.705,288896.96,9099737.68
"n1682",6.88378,288966.64,9099816.29
"n1683",7.4,289040.94,9099780.29
"n1684",7.63429,289178.93,9099716.59
"n1685",6.4025,289328.17,9099647.52
"n1686",6.265,289363.64,9099631.34
"n1687",4.86,289594.63,9100025.95
"n1688",5.11333,289532.33,9100041.25
"n1689",7.67,289075.09,9100519.48
"n1690",7.80333,289069.12,9100521.28
"n1691",7.768,289061.3,9100523.58
"n1692",7.36,288992.46,9100544.96
"n1693",7.66412,288967.39,9100551.99
"n1694",7.1,289191.17,9099820.57
"n1695",6.55023,289265.59,9099785.85
"n1696",5.23789,289562.87,9099938.24
"n1697",5.22,289561.39,9099933.42
"n1698",4.7775,289535.14,9099855.8
"n1699",4.3864,289534.96,9099848.95
"n1700",5.25,289458.29,9099866.55
"n1701",4.58699,289568.8,9099849.03
"n1702",4.55,289575.83,9099849.86
"n1703",4.59,289580.88,9099851.01
"n1704",4.61826,289588.98,9099854.07
"n1705",4.52,289603.71,9099862.09
"n1706",4.562,289611.7,9099866.92
"n1707",4.47,289626.59,9099877.75
"n1708",4.46266,289635.19,9099884.2
"n1709",4.50776,289639.58,9099887.59
"n1710",4.64203,289644.05,9099892.14
"n1711",4.57101,289646.16,9099896
"n1712",4.69936,289492.89,9099953.63
"n1713",5.27009,289554.51,9099940.54
"n1714",5.05,289582,9099933.52
"n1715",4.86849,289607.06,9099925.9
"n1716",4.67106,289631.88,9099910.77
"n1717",4.65,289651.13,9099890.32
"n1718",5.24994,289491.82,9099757.65
"n1719",5.255,289493.19,9099759.78
"n1720",5.37,289494.81,9099762.31
"n1721",5.70667,289283.21,9100011.56
"n1722",5.605,289296.9,9100001.98
"n1723",5.17875,289222.26,9100122.26
"n1724",5.11,289175.08,9100133.47
"n1725",7.61021,289257.86,9100280.57
"n1726",7.925,289256.01,9100272.19
"n1727",7.28,289241.78,9100215.11
"n1728",6.76,289234.74,9100184.06
"n1729",5.20411,289221.17,9100125.66
"n1730",5.06368,289219.55,9100117.64
"n1731",5.35047,289215.06,9100095.53
"n1732",6.1875,289199.76,9100026.91
"n1733",6.24721,289196.44,9100011.78
"n1734",6.83531,289183.41,9099953.63
"n1735",8.25823,289349.5,9100262.46
"n1736",8.04667,289420.47,9100246.76
"n1737",9.18,289261.7,9100453.63
"n1738",8.3348,289275.15,9100361.22
"n1739",4.69875,289317.03,9100096.46
"n1740",4.55,289303.27,9100099.82
"n1741",4.7164,289317.93,9100100.38
"n1742",7.43,289335.73,9100200.63
"n1743",7.78936,289409.21,9100184.18
"n1744",7.75211,289409.78,9100187.86
"n1745",5.89,289286.56,9099953.67
"n1746",7.19197,289435.71,9100311.44
"n1747",8.595,289369.18,9100326.27
"n1748",8.885,289341.81,9100330.91
"n1749",4.223,289451.85,9100386.9
"n1750",4.56732,289448.22,9100384.11
"n1751",8.8,289341.1,9100338.28
"n1752",7.06833,289322.55,9100453.51
"n1753",6.8,289494.84,9100225.29
"n1754",7.31403,289483.57,9100171.56
"n1755",4.945,289461.63,9100066.93
"n1756",5.01,289460.17,9100061.74
"n1757",7.05,289436.54,9100315.72
"n1758",5.12,289507.68,9100298.41
"n1759",6.92667,289495.83,9100230.04
"n1760",5.33,289565.43,9100214.66
"n1761",7.22,289488.19,9100170.54
"n1762",6.29212,289555.72,9100155.62
"n1763",7.80695,289422.73,9100180.99
"n1764",7.22256,289487.33,9100166.42
"n1765",6.28205,289553.13,9100151.57
"n1766",4.72506,289365.35,9100084.85
"n1767",4.89,289392.44,9100077.58
"n1768",5.0225,289467.47,9100059.8
"n1769",5,289537.39,9100042.84
"n1770",4.80533,289389.8,9100082.24
"n1771",5.03053,289463.19,9100063.86
"n1772",5.08,289533.23,9100046.72
"n1773",7.8,289411.4,9100185.66
"n1774",7.96514,289422.45,9100242.83
"n1775",6.09256,289443.72,9100352.89
"n1776",5.11333,289532.33,9100041.54
"n1777",5.13,289532.98,9100045.51
"n1778",5.28,289538.39,9100048.05
"n1779",4.51333,289624.97,9100024.72
"n1780",4.48375,289624.27,9100021.54
"n1781",4.565,289641.7,9100132.06
"n1782",4.4466,289648.02,9100130.76
"n1783",4.54,289643.89,9100136.11
"n1784",4.61,289620.07,9100024.97
"n1785",6.21,289561.55,9100156.26
"n1786",5.3,289571.38,9100208.31
"n1787",5.265,289572.37,9100213.15
"n1788",4.17143,289688.1,9100188.77
"n1789",4.07,289693.23,9100199.99
"n1790",3.02774,289603.92,9100294.61
"n1791",6.25466,289544.5,9100101.33
"n1792",2.15,289665.07,9100697.44
"n1793",1.92,289620.96,9100692.09
"n1794",2.3,289481.31,9100600.19
"n1795",2.31,289531.86,9100606.58
"n1796",2.395,289586.01,9100613.51
"n1797",2.54,289618.5,9100617.47
"n1798",4.2675,289334.43,9100583.47
"n1799",3.08,289325.54,9100651.88
"n1800",2.09667,289447.09,9100666.81
"n1801",2.2525,289435.33,9100596.35
"n1802",6.10077,289343.53,9100515.09
"n1803",2.90167,289427,9100527.88
"n1804",2.49129,289433.15,9100593.64
"n1805",1.81875,289437.23,9100594.06
"n1806",1.692,289449.1,9100667.07
"n1807",8.71104,289257.48,9100477.68
"n1808",1.65728,289491.94,9100677.7
"n1809",2.47,289475.91,9100597.55
"n1810",3.62,289466.71,9100537.35
"n1811",2.54,289487.35,9100668.41
"n1812",2.9,289483.91,9100649.12
"n1813",2.37667,289477,9100605.01
"n1814",2.58,289476.19,9100599.55
"n1815",2.57333,289536.98,9100953.63
"n1816",2.72869,289532.73,9100931.71
"n1817",2.76187,289527.4,9100903.56
"n1818",2.90126,289521.5,9100873.27
"n1819",2.09318,289516.08,9100843.08
"n1820",1.9,289512.51,9100823.62
"n1821",2.11,289510.47,9100812.5
"n1822",3.20333,289505.82,9100784.24
"n1823",2.31,289501.27,9100755.99
"n1824",2.11,289500.19,9100748.62
"n1825",3.02947,289496.82,9100725.7
"n1826",2.56222,289491.99,9100696.86
"n1827",1.92827,289489.08,9100677.97
"n1828",1.90018,289488.91,9100677.36
"n1829",2.21396,289676.11,9100694.8
"n1830",6.23,289200.77,9100025.69
"n1831",4.64168,289315.2,9100087.52
"n1832",1.44,289592.84,9100833.57
"n1833",2.07,289616.39,9100836.6
"n1834",1.685,289570.15,9100755.83
"n1835",1.78,289646.31,9100765.09
"n1836",2.675,289568.03,9100951.35
"n1837",2.1,289449.65,9100670.43
"n1838",2.83944,289471.57,9100521.6
"n1839",2.66,289515.75,9100453.63
"n1840",8.39912,289282.97,9100365.57
"n1841",7.98,289334.77,9100370.36
"n1842",8.19,289349.92,9100258.77
"n1843",8.16,289350.22,9100256.08
"n1844",4.63,289388.56,9100076.32
"n1845",3.67806,289686.44,9100006.51
"n1846",6.88,289499.69,9100225.85
"n1847",5.36,289567.35,9100211.85
"n1848",3.755,289680.72,9100186.05
"n1849",3.1775,289580.25,9100274.27
"n1850",3.89,289689.65,9100126.03
"n1851",3.99,289717.75,9099995.85
"n1852",3.98252,289716,9099961.15
"n1853",4.86,289594.77,9100026.34
"n1854",3.99811,289714.31,9100001.77
"n1855",4.23699,289656.87,9100128.83
"n1856",7.33228,289482.71,9100167.46
"n1857",7.1775,289243.28,9100221.15
"n1858",7.56,289148.65,9100245.85
"n1859",2.345,290014.4,9101365.02
"n1860",2.16,290013.09,9101453.71
"n1861",2.21,290144.59,9101453.71
"n1862",2.07,290235.83,9101405.06
"n1863",1.88,290233.32,9101453.63
"n1864",2.94,290090.24,9101199.18
"n1865",3.12049,290078.66,9101264.76
"n1866",2.44461,290105.9,9101137.97
"n1867",2.77,290102.35,9101150.7
"n1868",2.17344,290163.38,9101197.05
"n1869",7.56,289472.13,9099341.98
"n1870",7.84,289476.39,9099333.34
"n1871",7.9775,289473.06,9099325.49
"n1872",7.89526,289471.3,9099321.61
"n1873",8.25333,289405.21,9099166.4
"n1874",7.85713,289479.31,9099133.13
"n1875",7.535,289522.26,9099231.78
"n1876",7.45,289548.63,9099293.5
"n1877",7.925,289477.5,9099323.58
"n1878",7.66412,288967.39,9100551.99
"n1879",5.8,289013.91,9101185.84
"n1880",5.58,289021.99,9101184.69
"n1881",3.36333,289139.44,9101169.64
"n1882",3.3956,289212.22,9101159.32
"n1883",6.72,288986.9,9101277.07
"n1884",6.91333,288976.62,9101278.96
"n1885",4.78,289004.92,9101453.63
"n1886",3,289220.81,9101284.47
"n1887",3.475,289231.25,9101271.68
"n1888",1.59,289802.59,9101324.31
"n1889",1.67,289801.37,9101338.56
"n1890",1.565,289800.29,9101357.49
"n1891",1.75605,289798.85,9101385.02
"n1892",1.75,289798.75,9101453.63
"n1893",1.88,289872.13,9101338.39
"n1894",1.67,289868,9101453.63
"n1895",2.08237,289746.28,9101317.51
"n1896",1.81,289877.98,9101246.24
"n1897",1.53289,289850.38,9101242.1
"n1898",1.69,289827.41,9101238.54
"n1899",8.67143,288915.85,9101002.43
"n1900",8.26604,288757.19,9101122.45
"n1901",8.736,288934.72,9101001.75
"n1902",8.6625,288935.46,9101004.96
"n1903",8.325,288815.94,9101076.46
"n1904",8.37,288817.37,9101081.11
"n1905",7.34,288848.52,9101262.44
"n1906",8.55979,288687.35,9101162.94
"n1907",8.416,288588.54,9101263.59
"n1908",8.2725,288724.87,9101140.73
"n1909",8.455,288681.99,9101182.32
"n1910",8.035,288751.3,9101134.04
"n1911",8.114,288747.88,9101129
"n1912",8.57,288419.06,9101453.63
"n1913",8.492,288429.92,9101453.63
"n1914",8.62,288440.74,9101453.63
"n1915",7.0625,288862.82,9101282.29
